iso3,realm,mkt_tb,mkt_tc,mkt_area,bau_tb,bau_tc,bau_area,mc_stop,pct_protected,trading_price,pixel_fraction,rect,mkt_tc_b,mkt_tc_s,savings,transaction
NZL,Southern Ocean,326365.79637722287,56318.32005772396,402064.9118065056,348179.755764277,67986.17981545879,428356.7073709508,0.5996379219646215,NA,0.4949230745238924,0.15366047221396273,10796.231847380159,871.6279103546676,22464.091605114983,871.6279103546676,Buyers
ATF,Southern Ocean,112620.41771005944,15271.75904379785,130905.87329706523,178827.88270142928,104886.83542981802,210040.59578871477,2.0146053469024774,NA,0.4949230745238924,0.15366047221396273,32767.60212996173,56847.47425605844,122382.6785159819,56847.47425605844,Buyers
HMD,Southern Ocean,75175.2176785663,1365.6582166617736,88541.86849254873,61289.82392978906,95.11469552671262,72408.1184102178,0.006691123218080971,NA,0.4949230745238924,0.15366047221396273,6872.201765119668,-8142.745286254729,5601.658243984607,5601.658243984607,Sellers
CAN,Arctic,2267243.5237853816,3624671.604796309,2839970.74632835,1559104.1918549868,392193.48398289544,1973033.6531692531,1.4151796360519626,NA,20.561550405844322,0.18427406259624657,14560442.567847736,-17792920.68866115,11327964.447034322,11327964.447034322,Sellers
ARG,Temperate South America,38598.79345733566,23575.82519312948,45726.8819512498,434767.13391791855,344544673.70685476,517135.2899481561,1246.2051647447977,NA,7.995428944250933,0.733734835702023,3167535.8161144024,341353562.0655472,347688633.697776,341353562.0655472,Buyers
IRL,Temperate Northern Atlantic,125336.54975750418,6088183.132497445,146656.3474898839,166986.43684087548,30450224.22341378,195874.31408316738,999.8660500481838,NA,342.1635319822319,0.6062287519140426,14251072.471107464,10110968.619808871,38613113.5620238,10110968.619808871,Buyers
RUS,Arctic,1956040.1014010196,10317908.378693098,2504926.590965072,1555365.0011309518,4359137.88220145,1985902.362623795,10.77047084417421,NA,20.561550405844322,0.18427406259624657,8238501.270569727,-14197271.767061375,2279730.7740780786,2279730.7740780786,Sellers
PCN,Eastern Indo-Pacific,323349.68724299286,52169.97594502568,423559.4188345748,207072.5135532962,7731.1687332592055,270592.66697701905,0.09439151642412119,NA,3.5823734180584905,0.2805056965888214,416548.25615293946,-460987.06336470594,372109.448941173,372109.448941173,Sellers
PYF,Eastern Indo-Pacific,2907640.698157795,5272481.730207741,3471956.0417586337,1987667.7019889178,2890537.47381756,2370734.5686795483,2.211878260442153,NA,3.5823734180584905,0.2805056965888214,3295686.8068070104,-5677631.063197192,913742.5504168291,913742.5504168291,Sellers
SJM,Arctic,140421.76992167273,554236.3127368838,174432.50043594636,229560.48832930892,8215987.631326721,282531.4352305895,162.9620252455924,NA,20.561550405844322,0.18427406259624657,1832830.2516509746,5828921.066938862,9494581.570240812,5828921.066938862,Buyers
GRL,Arctic,219972.44732126177,1729888.6420564726,268765.54849058716,673761.135054842,116381270.53923759,803779.9680947743,804.9125292653772,NA,20.561550405844322,0.18427406259624657,9330598.97643596,105320782.92074516,123981980.87361708,105320782.92074516,Buyers
TKL,Eastern Indo-Pacific,212728.40820012122,63767.023028194904,270712.03653478593,143499.14390938112,410.2551473534542,182192.0959256525,0.0052488939736087805,NA,3.5823734180584905,0.2805056965888214,248005.07614689323,-311361.8440277347,184648.30826605178,184648.30826605178,Sellers
UKR,Temperate Northern Atlantic,70417.34147058449,9608597.66987282,105155.3798328333,49520.47825674793,3959528.810416493,77259.62611417455,222.6532902171568,NA,342.1635319822319,0.6062287519140426,7150144.524595893,-12799213.38405222,1501075.6651395657,1501075.6651395657,Sellers
ISL,Temperate Northern Atlantic,201058.75219450504,8288106.13042587,240929.32440459426,184378.06346809404,4028260.8878814145,221187.55511206744,174.06283314286935,NA,342.1635319822319,0.6062287519140426,5707523.370524985,-9967368.613069441,1447678.1279805289,1447678.1279805289,Sellers
ZAF,Temperate Southern Africa,598862.6887977775,79823.7114418915,657488.3746310078,466104.246292949,17969.47408900501,511141.95303598215,0.16020666585045754,NA,1.777860263422138,0.017823598165655152,236025.9595631472,-297880.1969160337,174171.7222102607,174171.7222102607,Sellers
ZAF,Southern Ocean,208047.97885457237,5591.66632938385,250802.03123543636,131298.46725967844,312.52023335618475,161414.58877774037,0.006753256396379002,NA,0.4949230745238924,0.15366047221396273,37985.10424675203,-43264.2503427797,32705.958150724367,32705.958150724367,Sellers
NIU,Central Indo-Pacific,258629.5409260985,230195.64822864532,316246.83110948757,148722.37443434878,482.8810127544137,181046.5695768589,0.00585396877701039,NA,38.98452743042174,0.19908475930148972,4284678.946897547,-4514391.714113438,4054966.179681656,4054966.179681656,Sellers
WLF,Eastern Indo-Pacific,126308.8112312557,106516.32689213753,161830.23022086002,87584.1474371582,17765.525915336468,111929.07918317195,0.7273159020368304,NA,3.5823734180584905,0.2805056965888214,138726.20619922696,-227477.007176028,49975.4052224259,49975.4052224259,Sellers
NAM,Temperate Southern Africa,248565.83452926643,21479.595633506775,296614.33439137775,242398.18808516493,13783.970773284802,288919.4919954003,1.2167944625761948,NA,1.777860263422138,0.017823598165655152,10965.213531804902,-18660.838392026875,3269.5886715829292,3269.5886715829292,Sellers
GEO,Temperate Northern Atlantic,13155.290999185083,1233625.6190218925,20422.917141486145,8318.102241263186,548985.9842784356,12464.78165597654,95.89913802473035,NA,342.1635319822319,0.6062287519140426,1655109.5902753016,-2339749.2250187583,970469.9555318446,970469.9555318446,Sellers
BMU,Tropical Atlantic,314281.04839773296,15339.305366516113,351072.2991051022,189463.53521343714,3291.496482702834,211482.4154962576,0.024187700501766867,NA,6.4229910699244135,0.6604715088922355,801701.7725529048,-813749.5814367181,789653.9636690915,789653.9636690915,Sellers
MNP,Central Indo-Pacific,607898.951879443,1897956.0702052116,706629.6065101579,347921.54621570586,359830.32314746804,398053.49901944515,2.604852940863965,NA,38.98452743042174,0.19908475930148972,10135096.302387843,-11673222.049445586,8596970.5553301,8596970.5553301,Sellers
TWN,Central Indo-Pacific,130127.71389234997,1047668.9310379028,144618.08358589074,148242.03301580637,1989644.6541865298,164838.46901998328,59.292968544378894,NA,38.98452743042174,0.19908475930148972,706178.1707517991,235797.55239682784,1648153.893900426,235797.55239682784,Buyers
SHN,Tropical Atlantic,699495.5522290093,181010.30101585388,764418.6431743709,443849.54016814823,15888.801276253862,487577.64384466334,0.11263229151048558,NA,6.4229910699244135,0.6604715088922355,1642012.0525286999,-1807133.5522683,1476890.5527890997,1476890.5527890997,Sellers
CHL,Eastern Indo-Pacific,340921.76901699,33036.28274345398,456006.08923478227,173192.2768866767,3380.581384847888,231961.68773555552,0.03013361681896988,NA,3.5823734180584905,0.2805056965888214,600869.674032085,-630525.3753906911,571213.9726734789,571213.9726734789,Sellers
BHS,Tropical Atlantic,244839.00840350112,73006.18953895569,296284.4866488939,276716.10927120567,478453.14379362686,333429.5037130943,27.5872872044066,NA,6.4229910699244135,0.6604715088922355,204746.3342083461,200700.6200463251,610193.2884630172,200700.6200463251,Buyers
JAM,Tropical Atlantic,172331.55340353498,37086.258315086365,194899.65746802467,125353.2316609727,4003.0151234257664,141321.91224145048,0.17236309567845565,NA,6.4229910699244135,0.6604715088922355,301741.3410325135,-334824.5842241741,268658.09784085286,268658.09784085286,Sellers
AIA,Tropical Atlantic,57896.77814238075,1591.1785192489624,69394.10023539259,44566.95247753257,688.1077794613176,53424.492845465626,0.02608073356962038,NA,6.4229910699244135,0.6604715088922355,85617.35120896909,-86520.42194875673,84714.28046918145,84714.28046918145,Sellers
CRI,Tropical Eastern Pacific,373124.66087228723,188499.73158359528,431021.4301557214,264620.31415813573,21750.179063529,303332.8294231887,0.33677594444590925,NA,4.761957174432416,0.04956431863369537,516693.05229255604,-683442.6048126223,349943.49977248977,349943.49977248977,Sellers
TCA,Tropical Atlantic,50489.392893712895,11479.63565158844,65161.070563153924,39770.75366305052,630.3527206753073,51180.05529234401,0.026117478496616206,NA,6.4229910699244135,0.6604715088922355,68845.72406028592,-79695.00699119906,57996.44112937279,57996.44112937279,Sellers
CYM,Tropical Atlantic,88798.30546558768,4661.409663200378,107635.82052165201,53230.200514140466,833.0134119619369,63328.93936677925,0.023945639905641407,NA,6.4229910699244135,0.6604715088922355,228453.62047727974,-232282.01672851818,224625.2242260413,224625.2242260413,Sellers
ISL,Arctic,45576.66864205187,277460.6775689125,54838.20689620707,106095.41775130694,5661401.077341467,125850.22835903935,179.90402199037356,NA,20.561550405844322,0.18427406259624657,1244359.3103085945,4139581.0894639604,6628299.710081149,4139581.0894639604,Buyers
ATG,Tropical Atlantic,67926.48769646337,4549.773719787598,78662.45326122029,53481.90478761576,754.9384156669051,62085.00129618051,0.02120867004601337,NA,6.4229910699244135,0.6604715088922355,92777.42703231105,-96572.26233643174,88982.59172819037,88982.59172819037,Sellers
DOM,Tropical Atlantic,199674.6537051145,258858.54176807404,233337.71767305458,129779.35838625242,114990.58911612496,151172.19490817975,1.2910983696246452,NA,6.4229910699244135,0.6604715088922355,448936.85766278073,-592804.8103147298,305068.90501083166,305068.90501083166,Sellers
COG,Tropical Atlantic,16418.97435173535,19194.64826965332,18370.866803048903,15213.748920724836,15280.082355986247,16991.309963514934,3.2479947841665875,NA,6.4229910699244135,0.6604715088922355,7741.152180626325,-11655.7180942934,3826.5862669592534,3826.5862669592534,Sellers
GAB,Tropical Atlantic,104537.4650309278,354696.40212631226,113563.55725807368,102432.87154890705,342522.8950684622,111230.78557467286,5.784255801344389,NA,6.4229910699244135,0.6604715088922355,13517.78514084039,-25691.292198690462,1344.2780829903204,1344.2780829903204,Sellers
HTI,Tropical Atlantic,65594.65135182501,20164.265758514404,76283.75669042599,47860.547934929324,1417.2739962537062,54441.76519129424,0.20048384893031013,NA,6.4229910699244135,0.6604715088922355,113905.98787983705,-132652.97964209775,95158.99611757635,95158.99611757635,Sellers
AUS,Central Indo-Pacific,1288923.7227018517,7912999.205871582,1423204.5315009605,1317947.0550044938,9100639.840720067,1455473.141041051,43.31835541421374,NA,38.98452743042174,0.19908475930148972,1131460.8942745947,56179.74057389004,2319101.529123079,56179.74057389004,Buyers
USA,Temperate Northern Pacific,1216207.864429236,15468834.386324883,1431401.8139243952,1002998.9736419715,2367813.3562374874,1180016.5903710127,6.222456811409059,NA,348.549308758559,0.28213492963847975,74313811.50508012,-87414832.53516752,61212790.47499272,61212790.47499272,Sellers
HND,Tropical Atlantic,99342.70591107651,65420.14877510071,117386.23879294102,94804.16941378317,44013.08870880545,112083.06877444395,4.7026904587507365,NA,6.4229910699244135,0.6604715088922355,29150.979392641188,-50558.039458936444,7743.919326345931,7743.919326345931,Sellers
CUW,Tropical Atlantic,21775.36848736173,10351.209657669067,23934.49601324866,17334.194499472702,1833.6118422060786,19062.025540918712,1.5710401512604582,NA,6.4229910699244135,0.6604715088922355,28525.62086419183,-37043.21867965482,20008.023048728843,20008.023048728843,Sellers
CUB,Tropical Atlantic,176481.00227897815,174251.98910331726,217445.6812662688,163980.3083887237,107871.30460857414,203069.6143507922,3.589139969583714,NA,6.4229910699244135,0.6604715088922355,80291.845224963,-146672.52971970613,13911.160730219883,13911.160730219883,Sellers
GBR,Temperate Northern Atlantic,103322.72531762048,8428217.093654633,122327.14744029856,340898.8315743127,461151435.4342956,401851.3062756179,2755.186008959681,NA,342.1635319822319,0.6062287519140426,81289879.63137583,371433338.7092651,534013097.9720168,371433338.7092651,Buyers
TON,Central Indo-Pacific,384319.856326184,961801.609872818,442440.7148250912,227480.51271769466,4234.739273213622,259084.34283891798,0.03234048734912698,NA,38.98452743042174,0.19908475930148972,6114307.693074494,-7071874.563674098,5156740.822474889,5156740.822474889,Sellers
GUY,Tropical Atlantic,60503.42600763715,10488.786947250366,69870.78039486002,68375.89335289976,110445.57816355077,78862.5987281415,15.093288336542956,NA,6.4229910699244135,0.6604715088922355,50564.78745689329,49392.00375940712,150521.5786731937,49392.00375940712,Buyers
BRB,Tropical Atlantic,130234.55868925163,57995.06991195679,146715.64129285098,92617.2745267591,2699.1643394763832,104241.37580459099,0.11901513066925765,NA,6.4229910699244135,0.6604715088922355,241615.48025049863,-296911.38582297903,186319.57467801822,186319.57467801822,Sellers
CHL,Temperate South America,1189319.2150135015,5513050.453402433,1369496.1696677657,963795.6683100521,3886695.556291651,1112571.6357881273,6.50630442509369,NA,7.995428944250933,0.733734835702023,1803157.4929228858,-3429512.3900336674,176802.59581210418,176802.59581210418,Sellers
ABW,Tropical Atlantic,21698.564491603564,25819.56671524048,23870.38273794855,15639.811996962373,7339.229035690629,17229.705316490534,1.9011751266795616,NA,6.4229910699244135,0.6604715088922355,38915.31316796263,-57395.65084751248,20434.975488412783,20434.975488412783,Sellers
BLZ,Tropical Atlantic,9443.489227735054,15126.165325164795,11750.619311046512,16612.799205415067,1555634.0863649826,20869.630971526443,565.2446558803163,NA,6.4229910699244135,0.6604715088922355,46048.413964158724,1494459.5070756592,1586556.3350039765,1494459.5070756592,Buyers
TON,Eastern Indo-Pacific,97699.92646690337,36748.25206375122,118454.33945368543,63680.9764276165,3024.095723601497,76803.07930621506,0.13128712412311097,NA,3.5823734180584905,0.2805056965888214,121868.58233100113,-155592.73867115087,88144.4259908514,88144.4259908514,Sellers
USA,Arctic,122941.2992515007,403574.2906227112,153431.69955337088,566299.4086230353,377749355.56378603,672186.1550928584,1612.6114459709788,NA,20.561550405844322,0.18427406259624657,9116130.113682648,368229651.1594807,386461911.38684595,368229651.1594807,Buyers
AUS,Temperate Australasia,1433825.37327797,297748.2653579712,1647843.2332614344,1257695.5237991405,208412.537274877,1447561.4868326464,0.30167191553525735,NA,1.2313727957980207,0.8305092639680449,216881.50517623074,-306217.2332593249,127545.77709313654,127545.77709313654,Sellers
VGB,Tropical Atlantic,49334.0267641756,20275.53558731079,60526.08581084115,35236.693148509294,1090.8098879821157,43139.31661827685,0.040803512374353694,NA,6.4229910699244135,0.6604715088922355,90547.04792316993,-109731.7736224986,71362.32222384126,71362.32222384126,Sellers
ROU,Temperate Northern Atlantic,25390.38372436679,1283437.2085723877,35362.18641721623,14472.518722889074,165017.57351570312,20876.457345914016,30.440632281942015,NA,342.1635319822319,0.6062287519140426,3735695.2506108116,-4854114.885667496,2617275.615554127,2617275.615554127,Sellers
COK,Eastern Indo-Pacific,1372396.7105558247,275059.47148895264,1704146.5980301886,859160.9853910063,55734.017438897405,1066032.9523814782,0.09238409974435725,NA,3.5823734180584905,0.2805056965888214,1838602.0190284182,-2057927.4730784735,1619276.564978363,1619276.564978363,Sellers
BGR,Temperate Northern Atlantic,17548.875746225804,1554521.8301811218,27066.812285064923,11815.89971379679,515217.3351611431,17948.64062189276,109.18270567949534,NA,342.1635319822319,0.6062287519140426,1961615.3280253937,-3000919.8230453725,922310.8330054149,922310.8330054149,Sellers
TTO,Tropical Atlantic,29099.79379084354,28878.980239868164,33197.30303750203,35128.112652982134,154746.723265915,40107.214378152465,106.31002660733931,NA,6.4229910699244135,0.6604715088922355,38719.838218173085,87147.90480787375,164587.5812442199,87147.90480787375,Buyers
EGY,Temperate Northern Atlantic,90692.72401076701,2198958.1067352295,116689.42719167266,78917.05138427833,374289.42849681305,101346.28699831353,59.61952070354711,NA,342.1635319822319,0.6062287519140426,4029205.737345853,-5853874.41558427,2204537.0591074363,2204537.0591074363,Sellers
IDN,Central Indo-Pacific,1700043.1010309504,13522520.834587097,2025701.3561422774,2488143.152853947,453994275.8569556,2924948.378859077,969.8081806180049,NA,38.98452743042174,0.19908475930148972,30723708.08821041,409748046.9341581,471195463.1105789,409748046.9341581,Buyers
SUR,Tropical Atlantic,49533.60883687766,19528.446632385254,57849.87070346749,61024.229390117296,173074.47333926873,71521.79164983727,20.062410268436402,NA,6.4229910699244135,0.6604715088922355,73804.15320134809,79741.87350553539,227350.17990823157,79741.87350553539,Buyers
AGO,Tropical Atlantic,145760.2146687832,93460.57866668701,157428.21655122488,204244.62512529918,6401208.16598852,221619.45539096542,149.4460409350381,NA,6.4229910699244135,0.6604715088922355,375644.846091996,5932102.741229837,6683392.433413829,5932102.741229837,Buyers
URY,Temperate South America,33232.74353161141,23530.718223571777,39670.777130864015,56615.356064957974,13177072.08728226,68697.04271318109,939.272944594917,NA,7.995428944250933,0.733734835702023,186954.01704132374,12966587.352017365,13340495.386100013,12966587.352017365,Buyers
SOM,Western Indo-Pacific,506580.1401081616,297915.83209228516,562435.8847105295,391894.3424337369,37255.35718230539,428628.5874493967,0.1473801269420316,NA,10.896020741273462,0.8849318176188681,1249618.8301900234,-1510279.3051000033,988958.3552800437,988958.3552800437,Sellers
COL,Tropical Atlantic,274604.3389021698,104999.5072479248,305812.1858141579,197747.9476527638,49935.969179613065,218736.5412173287,0.379595028960129,NA,6.4229910699244135,0.6604715088922355,493647.9146615514,-548711.4527298631,438584.37659323966,438584.37659323966,Sellers
MUS,Western Indo-Pacific,1363936.7845744742,1179879.1181411743,1539627.3849785547,921403.1093790479,234072.7647158557,1043713.9712165812,0.4507997036390296,NA,10.896020741273462,0.8849318176188681,4821856.103641339,-5767662.457066657,3876049.7502160203,3876049.7502160203,Sellers
NFK,Central Indo-Pacific,286837.5326347449,570482.8871307373,321725.458542197,155524.25777790442,12950.757931525091,174189.41780026114,0.12664990071744958,NA,38.98452743042174,0.19908475930148972,5119185.965635007,-5676718.09483422,4561653.836435795,4561653.836435795,Sellers
SLE,Tropical Atlantic,92355.77490901387,33734.06255340576,103966.22359646061,82380.91901637633,8786.476271065185,93027.24353639991,0.7576657644493918,NA,6.4229910699244135,0.6604715088922355,64068.41032219384,-89015.99660453442,39120.824039853265,39120.824039853265,Sellers
AUS,Southern Ocean,6003.784455206464,1061.3951034545898,7484.746811224154,8617.265420453605,10398.550093759986,10647.959804367942,6.127991004265529,NA,0.4949230745238924,0.15366047221396273,1293.4720345297847,8043.682955775612,10630.627024835181,8043.682955775612,Buyers
CXR,Central Indo-Pacific,284563.20194214705,1471426.9187927246,316859.10403470544,167096.96163064495,28145.022423951792,186203.0516365974,0.25590847840448927,NA,38.98452743042174,0.19908475930148972,4579365.867572266,-6022647.763941038,3136083.971203493,3136083.971203493,Sellers
RUS,Temperate Northern Pacific,1227411.6893384561,55756522.38703324,1502869.6584917745,1278792.9517873814,76747205.33960034,1564103.8737466838,465.4809263960456,NA,348.549308758559,0.28213492963847975,17908903.509715013,3081779.4428520873,38899586.462282114,3081779.4428520873,Buyers
CCK,Central Indo-Pacific,390248.2124386489,512952.51400756836,442235.67155820306,225602.5419312242,33091.23746892862,256106.24853297434,0.19034785860158282,NA,38.98452743042174,0.19908475930148972,6418633.658196879,-6898494.934735518,5938772.381658239,5938772.381658239,Sellers
AGO,Temperate Southern Africa,47214.97145396689,17375.724411010742,53263.23394013907,34330.300742765976,6826.5780997820075,38284.86217029026,0.37736889388769196,NA,1.777860263422138,0.017823598165655152,22907.14406472317,-33456.2903759519,12357.997753494434,12357.997753494434,Sellers
PRT,Temperate Northern Atlantic,1175767.765530393,17445079.402999878,1363344.2206671864,715398.431606039,2832240.577904562,815828.2040762102,8.804979166934965,NA,342.1635319822319,0.6062287519140426,157521597.3118645,-172134436.13695982,142908758.48676917,142908758.48676917,Sellers
PAN,Tropical Atlantic,82412.35704113175,58877.260482788086,102780.10948402128,66470.51760821507,38147.23257350553,82989.36870477266,0.9475069448849679,NA,6.4229910699244135,0.6604715088922355,102394.29231579269,-123124.32022507524,81664.26440651013,81664.26440651013,Sellers
SHN,Temperate South America,553892.1538835587,118561.46701049805,630651.0840604581,329050.0231532545,43128.132967265585,373774.1910378342,0.15305009008457768,NA,7.995428944250933,0.733734835702023,1797709.2799281266,-1873142.613971359,1722275.945884894,1722275.945884894,Sellers
IND,Western Indo-Pacific,722958.0465546413,4779272.854385376,866194.3883675624,1064948.718485154,9435456.435352499,1282376.394561498,22.903599005350333,NA,10.896020741273462,0.8849318176188681,3726337.454676914,929846.1262902087,8382521.035644037,929846.1262902087,Buyers
VUT,Central Indo-Pacific,454199.16454725777,1107618.315170288,518542.5418951743,303073.00192019274,82978.68098991712,345361.9171684174,0.7931437502726294,NA,38.98452743042174,0.19908475930148972,5891582.032389194,-6916221.6665695645,4866942.398208823,4866942.398208823,Sellers
KEN,Western Indo-Pacific,71174.19105200836,36033.255126953125,76782.2968321665,55203.9243029632,7523.945180194559,59154.94907962332,0.3911127483256726,NA,10.896020741273462,0.8849318176188681,174012.35774126602,-202521.66768802458,145503.04779450747,145503.04779450747,Sellers
NIC,Tropical Atlantic,48451.895784316475,43058.45104980469,56887.63517737686,70368.9123772822,975435.3494000207,81704.39950500987,93.46945632536992,NA,6.4229910699244135,0.6604715088922355,140772.80185600408,791604.0964942119,1073149.7002062201,791604.0964942119,Buyers
ZAF,Western Indo-Pacific,62953.24644460048,78492.21661376953,67916.3663962538,37316.99694200899,5749.833589142065,40037.76213316317,0.22451392334595163,NA,10.896020741273462,0.8849318176188681,279333.10630869836,-352075.4893333258,206590.7232840709,206590.7232840709,Sellers
NZL,Temperate Australasia,1071793.6675130178,648028.6254787243,1242439.8149019917,1247923.5169918474,885688.884406073,1443833.1764857543,1.4730277012654098,NA,1.2313727957980207,0.8305092639680449,216881.50517623103,20778.753751117736,454541.7641035798,20778.753751117736,Buyers
CAN,Temperate Northern Atlantic,396912.5001840222,43224846.07823181,465499.30106883316,445273.46809130465,61810798.28733941,523470.7069136644,440.28162125845773,NA,342.1635319822319,0.6062287519140426,16547359.589235134,2038592.6198724657,35133311.798342735,2038592.6198724657,Buyers
JPN,Central Indo-Pacific,1503301.281181433,7557607.433135986,1631825.3544230117,969191.109284577,1803990.7331826647,1050746.8003002605,6.144590577536157,NA,38.98452743042174,0.19908475930148972,20822032.647180256,-26575649.347133577,15068415.947226934,15068415.947226934,Sellers
ESP,Temperate Northern Atlantic,561029.2034485776,19573640.63595581,666185.6572506452,445192.83741101704,6071394.125839685,529977.42752646585,43.582913827689225,NA,342.1635319822319,0.6062287519140426,39634980.13539836,-53137226.64551449,26132733.62528223,26132733.62528223,Sellers
BEN,Tropical Atlantic,25064.128629142648,11126.265441894531,27613.958165177868,22188.30568220359,8550.084249048816,24470.036846289804,0.8290162519618177,NA,6.4229910699244135,0.6604715088922355,18471.385106873273,-21047.566299718987,15895.203914027557,15895.203914027557,Sellers
COD,Tropical Atlantic,8354.02768067918,1992.7722473144531,9171.259344304224,6078.473099185221,944.2717066725173,6490.91748375177,0.4607670363826514,NA,6.4229910699244135,0.6604715088922355,14615.866756061288,-15664.367296703225,13567.366215419353,13567.366215419353,Sellers
TLS,Central Indo-Pacific,35150.49619720169,563731.8433532715,39451.78333050611,40530.05766596484,842192.7143657575,45418.86233681014,53.22912206482375,NA,38.98452743042174,0.19908475930148972,209719.66164263702,68741.20936984904,488180.53265512304,68741.20936984904,Buyers
GTM,Tropical Eastern Pacific,58458.003064112985,35848.14682006836,72156.07632904337,50786.04133873842,16919.24231741998,62615.61892869407,1.2273809622019933,NA,4.761957174432416,0.04956431863369537,36533.55318011832,-55462.4576827667,17604.648677469937,17604.648677469937,Sellers
VCT,Tropical Atlantic,13398.15645557021,24542.486755371094,14984.92900700879,16824.55989819738,69859.21208414968,18806.859054342232,19.04579439076457,NA,6.4229910699244135,0.6604715088922355,22007.758713952593,23308.966614825993,67324.48404273117,23308.966614825993,Buyers
FJI,Central Indo-Pacific,713525.3713471747,1683757.2872009277,805172.4897486647,498724.49769525166,234088.10112181975,561408.7126927337,0.8364890692055028,NA,38.98452743042174,0.19908475930148972,8373910.550961951,-9823579.737041058,6924241.364882843,6924241.364882843,Sellers
WSM,Eastern Indo-Pacific,60605.36731292757,34214.52960205078,77867.60822837365,61562.98776565311,37938.333316768985,79157.40054936601,3.8886008586383882,NA,3.5823734180584905,0.2805056965888214,3430.55405443311,293.2496602850938,7154.357769151313,293.2496602850938,Buyers
LBR,Tropical Atlantic,158646.9932252016,109256.3648071289,175002.0130382683,128738.8298492219,38080.92172365477,142084.01148731034,0.4365241063425727,NA,6.4229910699244135,0.6604715088922355,192099.8662817579,-263275.309365232,120924.42319828375,120924.42319828375,Sellers
GLP,Tropical Atlantic,62791.72482135412,65953.449951171875,70689.25817375464,45203.7596098417,20717.76643291606,51043.88252716592,0.8558048299466519,NA,6.4229910699244135,0.6604715088922355,112967.34349168552,-158203.02700994135,67731.6599734297,67731.6599734297,Sellers
FJI,Eastern Indo-Pacific,157901.58303397903,106538.86883544922,200970.66021287703,121896.67300055218,58632.10631738968,155008.0127199085,0.8276600923120357,NA,3.5823734180584905,0.2805056965888214,128983.03262333576,-176889.7951413953,81076.27010527623,81076.27010527623,Sellers
CRI,Tropical Atlantic,19150.57217523164,8786.195007324219,24173.422300646125,15970.064378689236,5813.045792660319,20105.031558035407,0.8516629456847434,NA,6.4229910699244135,0.6604715088922355,20428.373175016826,-23401.522389680726,17455.223960352927,17455.223960352927,Sellers
GUF,Tropical Atlantic,51003.79502510205,68680.35443115234,58010.49134863798,58993.31116594546,179437.21380628707,67619.40450448677,15.390419926992505,NA,6.4229910699244135,0.6604715088922355,51316.590825654166,59440.268549480556,162073.45020078888,59440.268549480556,Buyers
PAK,Western Indo-Pacific,96691.24896142521,165555.01739501953,116054.62490455173,102077.9132621473,340660.8125130818,122427.24345106087,65.16805883611016,NA,10.896020741273462,0.8849318176188681,58693.20594694514,116412.58917111714,233799.00106500744,116412.58917111714,Buyers
NIC,Tropical Eastern Pacific,28283.70053771225,16381.944946289062,33248.67473911374,29939.62055653103,58040.00446469694,35287.799560835134,25.15704807296421,NA,4.761957174432416,0.04956431863369537,7885.420213900345,33772.63930450753,49543.479732308224,33772.63930450753,Buyers
PRK,Temperate Northern Pacific,50112.18991485044,801265.2100219727,61198.40583774679,58946.20996046195,13046771.21809791,71747.31093225002,1952.1702013622976,NA,348.549308758559,0.28213492963847975,3079091.5804571463,9166414.42761879,15324597.588533085,9166414.42761879,Buyers
WLF,Central Indo-Pacific,2413.5643748231882,664.2955322265625,2976.5055765848274,1375.7316936492175,378.64845336914067,1696.6081786533518,0.2752342299861909,NA,38.98452743042174,0.19908475930148972,40459.41662741481,-40745.06370627223,40173.769548557386,40173.769548557386,Sellers
BRA,Tropical Atlantic,1452942.288603241,4727609.053405762,1726494.2299563496,1289455.1315989275,3778354.804134635,1522612.531326538,5.304098847680157,NA,6.4229910699244135,0.6604715088922355,1050076.5494860364,-1999330.7987571633,100822.30021490948,100822.30021490948,Sellers
LBY,Temperate Northern Atlantic,246740.41961750123,10867227.300598145,319356.3270381396,160064.69048262612,572413.9823265928,210556.3974900586,15.288437726451175,NA,342.1635319822319,0.6062287519140426,29657273.617924113,-39952086.936195664,19362460.29965256,19362460.29965256,Sellers
PER,Tropical Eastern Pacific,79909.24073590121,49306.80041503906,91996.14696225851,50749.96936935777,25992.9702233984,57365.79120051339,0.6514989516483168,NA,4.761957174432416,0.04956431863369537,138855.20148513326,-162169.0316767739,115541.3712934926,115541.3712934926,Sellers
PER,Temperate South America,428130.6907013539,376040.95654296875,484173.2754685638,351394.3824885295,196668.20167206685,395768.75334096403,0.7663656199128023,NA,7.995428944250933,0.733734835702023,613539.6997597768,-792912.4546306788,434166.9448888749,434166.9448888749,Sellers
COL,Tropical Eastern Pacific,228832.44218180675,214058.99548339844,264049.5496835518,156957.01902599222,107870.91012491613,179668.9548853765,0.9309320628412623,NA,4.761957174432416,0.04956431863369537,342267.6869621968,-448455.7723206791,236079.60160371446,236079.60160371446,Sellers
MEX,Tropical Eastern Pacific,716008.340756396,1635246.3904803633,815700.2934764792,440918.6205092769,637999.0969738202,501275.42336212756,2.5894443351288654,NA,4.761957174432416,0.04956431863369537,1309965.4669433746,-2307212.7604499175,312718.17343683157,312718.17343683157,Sellers
MEX,Temperate Northern Pacific,524045.3640833574,8720617.342285156,595019.2080860437,431673.26238667377,1188952.7873454345,490759.00768413517,8.32671219286907,NA,348.549308758559,0.28213492963847975,32196232.194954388,-39727896.74989411,24664567.640014667,24664567.640014667,Sellers
LKA,Western Indo-Pacific,339697.7030204882,1676600.1212158203,397265.5766364949,255277.08475012184,1050380.9190215513,298965.11503974535,5.888213481888665,NA,10.896020741273462,0.8849318176188681,919848.8076650413,-1546068.0098593105,293629.60547077225,293629.60547077225,Sellers
TZA,Western Indo-Pacific,161756.61445069328,172413.24645996094,173975.54914267678,125290.49767052471,84884.41779546335,134605.95009153604,0.8703614399447812,NA,10.896020741273462,0.8849318176188681,397335.5647904169,-484864.3934549145,309806.7361259193,309806.7361259193,Sellers
GRD,Tropical Atlantic,8109.699045981928,10510.563842773438,9011.414575940278,13624.994851502295,556233.1821568982,15377.972326389847,167.80554937881897,NA,6.4229910699244135,0.6604715088922355,35424.69570684889,510297.9226072759,581147.3140209736,510297.9226072759,Buyers
MEX,Tropical Atlantic,283764.7026855659,857701.27392578125,352575.74517238676,343332.344007808,1730866.2900279863,422776.528627518,30.647694595888193,NA,6.4229910699244135,0.6604715088922355,382602.42826922145,490562.5878329836,1255767.4443714265,490562.5878329836,Buyers
NCL,Central Indo-Pacific,935002.0341465033,3143786.3775634766,1036034.9143268098,567493.155137611,525507.9446159923,626084.8751061897,1.2171369764703992,NA,38.98452743042174,0.19908475930148972,14327159.97464571,-16945438.407593194,11708881.541698225,11708881.541698225,Sellers
UMI,Eastern Indo-Pacific,998817.9734816551,2410359.676513672,1119331.5419250422,848251.7758772523,1907009.109173932,950966.9627970828,3.164584213492519,NA,3.5823734180584905,0.2805056965888214,539384.3439561545,-1042734.9112958943,36033.776616414776,36033.776616414776,Sellers
SLV,Tropical Eastern Pacific,48280.736813752046,41967.43017578125,57290.69724569235,42707.63816218462,35121.54188142526,50423.26858493566,1.1713464099663071,NA,4.761957174432416,0.04956431863369537,26538.857107651114,-33384.7454020071,19692.968813295127,19692.968813295127,Sellers
MMR,Western Indo-Pacific,123693.62645287596,330856.7479248047,153541.10303169844,210632.3132111424,58892430.60955589,273247.5547211453,2086.7170573102735,NA,10.896020741273462,0.8849318176188681,947285.7341371477,57614288.12749394,59508859.595768236,57614288.12749394,Buyers
EGY,Western Indo-Pacific,4421.8598208216645,4596.77099609375,5523.241388387915,30262.297917001048,6357554.093657051,37530.585480166024,346.45960879797883,NA,10.896020741273462,0.8849318176188681,281557.9494595635,6071399.373201394,6634515.2721205205,6071399.373201394,Buyers
BRA,Temperate South America,196210.26014642703,610132.736328125,231289.06773661554,303761.2927990759,11229385.966712127,362351.57102913177,213.82605455817458,NA,7.995428944250933,0.733734835702023,859916.639455066,9759336.590928936,11479169.869839067,9759336.590928936,Buyers
BGD,Western Indo-Pacific,18918.51596582095,36680.36975097656,23266.903243730812,45871.310805460234,85030464.7047027,59583.74101845078,6396.393781222578,NA,10.896020741273462,0.8849318176188681,293678.211607998,84700106.12334374,85287462.54655972,84700106.12334374,Buyers
TGO,Tropical Atlantic,2717.318768485779,2231.87158203125,3064.445238058069,6302.3695601378395,97314.85254145713,7016.009988187206,36.61421767812378,NA,6.4229910699244135,0.6604715088922355,23026.749220006634,72056.23173941925,118109.73017943252,72056.23173941925,Buyers
MEX,Temperate Northern Atlantic,56884.7208625226,1700654.2297363281,69778.37974077718,41244.68072563022,134377.2180232318,50772.00502392578,6.560311979010933,NA,342.1635319822319,0.6062287519140426,5351451.373582966,-6917728.385296062,3785174.3618698693,3785174.3618698693,Sellers
USA,Temperate Northern Atlantic,687333.7481940924,20220359.897460938,768628.4499935308,653429.1126802214,11623941.06154041,730166.9716137354,168.80336713443285,NA,342.1635319822319,0.6062287519140426,11600929.837996308,-20197348.673916835,3004511.00207578,3004511.00207578,Sellers
USA,Eastern Indo-Pacific,948212.3053799095,2559173.466064453,1055529.8837895272,1027101.6097321977,2848423.340376682,1143415.1601487359,3.7534521924999553,NA,3.5823734180584905,0.2805056965888214,282610.9468807634,6638.927431465592,571860.8211929924,6638.927431465592,Buyers
ATF,Temperate Southern Africa,42743.49328450943,63038.78356933594,49558.215164859736,194554.25294464044,423242.4033822272,224666.01647211413,3.1698358845838874,NA,1.777860263422138,0.017823598165655152,269898.3171596754,90305.30265321583,630101.9369725666,90305.30265321583,Buyers
SPM,Temperate Northern Atlantic,5523.621016016616,418408.8845214844,6623.385241370461,9395.788600425481,2819752.2312057586,11153.506530145283,951.8141763106624,NA,342.1635319822319,0.6062287519140426,1324914.5371084446,1076428.8095758297,3726257.883792719,1076428.8095758297,Buyers
PAN,Tropical Eastern Pacific,82876.42747414028,196370.42749023438,100961.70032420082,83139.86228426454,198604.99854893223,101298.54670196497,8.482444129702785,NA,4.761957174432416,0.04956431863369537,1254.4652840664846,980.1057746313684,3489.0363427643315,980.1057746313684,Buyers
NGA,Tropical Atlantic,55608.85197310035,114540.92993164062,61412.63030211785,89155.63740314277,617242.6509341521,98773.57145745971,44.6510705976932,NA,6.4229910699244135,0.6604715088922355,215470.7032418329,287231.01776067854,718172.4242443444,287231.01776067854,Buyers
PRI,Tropical Atlantic,103006.26483770544,316038.0739746094,117280.07964770231,78372.19771933793,199175.3913976347,89272.68035844831,4.071209177708806,NA,6.4229910699244135,0.6604715088922355,158224.3931171932,-275087.07569416787,41361.71054021851,41361.71054021851,Sellers
REU,Western Indo-Pacific,250511.6508408491,590115.18505859375,280321.9165237971,152776.61524737676,288624.79340140556,170667.12331030978,2.266765505507977,NA,10.896020741273462,0.8849318176188681,1064922.9749755745,-1366413.3666327628,763432.5833183863,763432.5833183863,Sellers
MOZ,Western Indo-Pacific,340340.51590298844,1499937.8754882812,365433.74006195064,289995.432218272,1061783.7510858416,310908.81134420517,6.643025003481434,NA,10.896020741273462,0.8849318176188681,548561.0760498184,-986715.2004522581,110406.95164737874,110406.95164737874,Sellers
GUM,Central Indo-Pacific,160032.71886935594,773413.5498046875,197966.6319918105,94049.62730565514,216648.74895032748,116007.12033221794,3.088786089428833,NA,38.98452743042174,0.19908475930148972,2572319.6430091234,-3129084.443863483,2015554.8421547634,2015554.8421547634,Sellers
VEN,Tropical Atlantic,214719.63724674858,499117.1340332031,235749.6847779761,228615.92092514836,608570.2980022782,251175.87398789992,10.303558436873406,NA,6.4229910699244135,0.6604715088922355,89255.70597149814,20197.45799757693,198708.86994057323,20197.45799757693,Buyers
TUV,Eastern Indo-Pacific,116314.37984884597,266847.841796875,149308.2594063815,306639.50536769215,1049590.182886744,396501.6872383518,4.572492908702815,NA,3.5823734180584905,0.2805056965888214,681815.6704473603,100926.67064250866,1464558.0115372292,100926.67064250866,Buyers
MDV,Western Indo-Pacific,467281.1746070862,1215704.8208007812,568267.7712164534,433348.8127909365,989495.1096507153,526905.796120029,3.556362124312351,NA,10.896020741273462,0.8849318176188681,369727.7181491631,-595937.429299229,143518.00699909707,143518.00699909707,Sellers
MTQ,Tropical Atlantic,26479.68311755538,68735.984130859375,29701.52875927129,25911.499517287633,65365.26521592665,29066.17822054358,5.932446683333214,NA,6.4229910699244135,0.6604715088922355,3649.4381905972496,-7020.157105529974,278.7192756645236,278.7192756645236,Sellers
KIR,Eastern Indo-Pacific,441187.2574078639,1401964.7866210938,499528.9543368462,1601637.940780884,6460862.812637379,1842629.0634112551,5.452122180360204,NA,3.5823734180584905,0.2805056965888214,4157167.681083317,901730.3449329687,9216065.707099602,901730.3449329687,Buyers
ASM,Eastern Indo-Pacific,138875.69917565005,392700.3884277344,182429.74116795327,157779.50519221614,462781.34765832714,206952.1052594771,3.842249708865014,NA,3.5823734180584905,0.2805056965888214,67720.49217388051,2360.467056712252,137801.45140447328,2360.467056712252,Buyers
BES,Tropical Atlantic,5484.166147876149,10143.3583984375,5997.755437687124,11363.519452556076,164485.7009742579,12292.603437464046,100.43653363788273,NA,6.4229910699244135,0.6604715088922355,37763.033772889765,116579.30880293064,192105.37634871015,116579.30880293064,Buyers
USA,Tropical Atlantic,59431.67440718774,212303.7529296875,65842.56540742295,132891.99078733806,1909846.822079976,146993.15252479247,74.72558521993807,NA,6.4229910699244135,0.6604715088922355,471834.9561035276,1225708.113046761,2169378.025253816,1225708.113046761,Buyers
GNQ,Tropical Atlantic,192889.5411623483,470613.5791015625,205973.52600430464,154708.42733339526,343560.3981989585,164710.05389037085,2.4798938801991777,NA,6.4229910699244135,0.6604715088922355,245236.9531631329,-372290.1340657369,118183.77226052887,118183.77226052887,Sellers
COM,Western Indo-Pacific,129525.84012760998,445845.9013671875,138805.49271887666,88559.60813061042,254149.50937672556,94856.64674983954,3.9877405715788017,NA,10.896020741273462,0.8849318176188681,446368.91353112774,-638065.3055215897,254672.5215406658,254672.5215406658,Sellers
SYC,Western Indo-Pacific,848296.7401627325,3631956.9423828125,927434.9378378714,619471.1936521281,2241442.180639762,677655.6154627969,4.719699382628922,NA,10.896020741273462,0.8849318176188681,2493287.9009127812,-3883802.662655832,1102773.1391697307,1102773.1391697307,Sellers
CAN,Temperate Northern Pacific,196972.42590580424,2959607.9294433594,239119.02573320776,175080.96116086657,758390.6603318966,213321.6853815087,19.604135338908627,NA,348.549308758559,0.28213492963847975,7630254.904560387,-9831472.17367185,5429037.635448924,5429037.635448924,Sellers
ASM,Central Indo-Pacific,7037.259484027767,20539.193359375,8834.764167565256,4011.2379058958286,8840.832600496922,5060.8127762246,2.463768983929498,NA,38.98452743042174,0.19908475930148972,117968.02121773265,-129666.38197661072,106269.66045885457,106269.66045885457,Sellers
GIN,Tropical Atlantic,25335.268253238584,67792.28662109375,27398.6360958532,48027.35284263415,2179072.05143444,51623.97733773269,210.8332964969165,NA,6.4229910699244135,0.6604715088922355,145751.05667565714,1965528.7081376892,2257030.8214890035,1965528.7081376892,Buyers
FRA,Tropical Eastern Pacific,203028.42706869502,768625.291015625,227016.81085719107,219054.69699681175,845800.9950466924,245047.94510032062,4.850937415506036,NA,4.761957174432416,0.04956431863369537,76316.41106358594,859.292967481495,153492.11509465333,859.292967481495,Buyers
GNB,Tropical Atlantic,31483.892468389637,113730.169921875,33329.9613526393,54966.24174173011,1519396.5415147892,58398.394305056994,234.97533045023835,NA,6.4229910699244135,0.6604715088922355,150826.91968351192,1254839.4519094024,1556493.291276426,1254839.4519094024,Buyers
MDG,Western Indo-Pacific,759782.2282727396,4192108.1508789062,828652.1936046039,616994.8839702503,3001716.0612133485,673725.5848515511,6.965789637542644,NA,10.896020741273462,0.8849318176188681,1555813.8651112786,-2746205.9547768366,365421.77544572065,365421.77544572065,Sellers
VIR,Tropical Atlantic,29017.954220166244,103358.13720703125,32357.418192041147,21131.529743705763,63241.97970401463,23603.69554232587,4.061088344672769,NA,6.4229910699244135,0.6604715088922355,50654.43398593899,-90770.5914889556,10538.276482922367,10538.276482922367,Sellers
DMA,Tropical Atlantic,21269.519454092944,72212.4765625,23713.30084309859,16748.976947569397,50181.81584843111,18665.348159116602,4.838462537114275,NA,6.4229910699244135,0.6604715088922355,29035.404150614464,-51066.06486468335,7004.743436545577,7004.743436545577,Sellers
FRA,Temperate Northern Atlantic,110478.00133559317,2977146.1059570312,131355.0293570435,167802.94299022036,64921151.638212174,199502.9952885291,1472.1146662046394,NA,342.1635319822319,0.6062287519140426,19614504.507222608,42329501.025032535,81558510.03947775,42329501.025032535,Buyers
NRU,Eastern Indo-Pacific,70204.497887379,229789.40869140625,86124.77404677164,144032.9440013015,518143.5187405194,176664.89787530212,4.172950288894026,NA,3.5823734180584905,0.2805056965888214,264481.0628550797,23873.047194033454,552835.1729041929,23873.047194033454,Buyers
NZL,Central Indo-Pacific,2296.778238563392,6179.10595703125,2605.0134976013537,1309.1635959811335,3522.090395507813,1484.8576936327718,2.6903363386515755,NA,38.98452743042174,0.19908475930148972,38501.690124434215,-41158.705685957655,35844.674562910775,35844.674562910775,Sellers
MHL,Eastern Indo-Pacific,355240.2442350564,1180126.972560139,412211.62759364967,877644.6313233457,3187547.9234232046,1025659.2379797645,4.139550713805361,NA,3.5823734180584905,0.2805056965888214,1871447.5897822257,135973.36108084,3878868.540645291,135973.36108084,Buyers
PLW,Central Indo-Pacific,444328.7650398531,2191263.1025390625,544129.6281737826,275852.6582690622,1042509.1605387067,337319.3703958962,4.313603944725292,NA,38.98452743042174,0.19908475930148972,6567961.405776561,-7716715.347776917,5419207.463776206,5419207.463776206,Sellers
ECU,Tropical Eastern Pacific,64569.70352876217,252957.9501953125,70684.35991584245,544497.9006322726,11353482.253000947,600932.1689233104,31.8728962901427,NA,4.761957174432416,0.04956431863369537,2285397.521409476,8815126.781396158,13385921.82421511,8815126.781396158,Buyers
SLB,Central Indo-Pacific,898583.944141886,6577362.955078125,1093297.8939672273,646390.4438649376,3898422.166992068,781972.5771733569,7.329868122480167,NA,38.98452743042174,0.19908475930148972,9831644.429320766,-12510585.217406822,7152703.641234709,7152703.641234709,Sellers
MHL,Central Indo-Pacific,57653.79596774633,310382.53955078125,70108.91504847918,32862.663701615405,131144.32323677727,40028.27315188124,6.090720103650499,NA,38.98452743042174,0.19908475930148972,966470.5758601945,-1145708.7921741984,787232.3595461906,787232.3595461906,Sellers
LCA,Tropical Atlantic,2633.169303797879,8601.0927734375,2989.645503584728,4613.595366119374,608350.9023064097,5154.756921703625,302.83877845453793,NA,6.4229910699244135,0.6604715088922355,12720.258912936535,587029.5506200356,612470.0684459087,587029.5506200356,Buyers
ATF,Western Indo-Pacific,196107.5158342697,1201496.79296875,209843.76636083602,127263.40952907903,655263.5582441814,136054.04799363282,6.723746617092741,NA,10.896020741273462,0.8849318176188681,750126.8102157926,-1296360.0449403613,203893.57549122407,203893.57549122407,Sellers
IRN,Western Indo-Pacific,4645.589017496231,26922.65576171875,5614.641915800599,69630.61617624125,46600461.73996777,86017.38777228854,1497.1590642294923,NA,10.896020741273462,0.8849318176188681,708078.203793905,45865460.88041215,47281617.28799996,45865460.88041215,Buyers
BRN,Central Indo-Pacific,4874.808988729212,33661.6064453125,6123.776719323109,20755.309729067816,2234638.355600857,26393.265956917574,408.87132819090476,NA,38.98452743042174,0.19908475930148972,619093.8167205631,1581882.9324349817,2820070.5658761077,1581882.9324349817,Buyers
FSM,Central Indo-Pacific,1912810.8744222128,15413314.594726562,2395052.0702357125,1215860.7734834661,7610121.868030084,1520833.1509363127,7.839734151543071,NA,38.98452743042174,0.19908475930148972,27170270.327681772,-34973463.05437825,19367077.600985296,19367077.600985296,Sellers
CIV,Tropical Atlantic,77841.67932108341,389722.8076171875,86040.30346895072,86802.74612931036,448895.91654461034,96261.23084035929,7.1739787284449354,NA,6.4229910699244135,0.6604715088922355,57556.852086237704,1616.256841185139,116729.96101366053,1616.256841185139,Buyers
SEN,Tropical Atlantic,48502.984894327914,255165.98404707797,52808.89445668335,74536.37076072943,441389.6078916749,80846.27670354977,7.91682085213133,NA,6.4229910699244135,0.6604715088922355,167212.20493979342,19011.41890480352,353435.82878439035,19011.41890480352,Buyers
MSR,Tropical Atlantic,2639.4597188736348,10560.8984375,2955.1053658909836,3063.1194959228637,341710.11799591087,3411.7801224329664,781.6395076843266,NA,6.4229910699244135,0.6604715088922355,2721.162964673366,328428.0565937375,333870.38252308423,328428.0565937375,Buyers
MRT,Tropical Atlantic,37169.710731246945,202621.0712890625,43891.27615877054,69485.25920744702,466779.1660710166,81776.70021655769,9.498198758915569,NA,6.4229910699244135,0.6604715088922355,207562.47928234254,56595.61549961154,471720.5740642966,56595.61549961154,Buyers
MYS,Central Indo-Pacific,9657.122279443023,202809.3515625,12245.003438114132,219902.0503280994,387226959.0614337,268776.25845942117,3670.355598301132,NA,38.98452743042174,0.19908475930148972,8196299.16461989,378827850.5452513,395220448.87449104,378827850.5452513,Buyers
KNA,Tropical Atlantic,2649.152774206316,11784.1669921875,2947.5232483708087,4598.865389977542,44351.48118419208,5102.651340340084,16.703648490842998,NA,6.4229910699244135,0.6604715088922355,12522.986720017554,20044.327471987028,45090.30091202214,20044.327471987028,Buyers
YEM,Western Indo-Pacific,248463.7750778409,1868429.7998758166,284948.4162489582,253514.72616105663,1937093.378808531,291095.1956968344,15.260884306853388,NA,10.896020741273462,0.8849318176188681,55035.26776587636,13628.311166838059,123698.84669859079,13628.311166838059,Buyers
JPN,Temperate Northern Pacific,825319.3401510448,37015319.82519531,941282.4303187166,757344.8156424398,21069314.019826367,862952.9250622286,169.3517125281249,NA,348.549308758559,0.28213492963847975,23692473.530666005,-39638479.33603495,7746467.72529706,7746467.72529706,Sellers
OMN,Western Indo-Pacific,10473.836964628697,65606.7412109375,11932.754216480507,253734.2443920941,15752848.771022415,292670.0770357234,81.08536476981332,NA,10.896020741273462,0.8849318176188681,2650570.444860296,13036671.584951181,18337812.474671774,13036671.584951181,Buyers
STP,Tropical Atlantic,5582.565904111913,30944.6220703125,6152.38452381831,68195.64479991118,574820.4642896353,75278.62277906203,12.229274572184401,NA,6.4229910699244135,0.6604715088922355,402163.24660819146,141712.59561113134,946039.0888275143,141712.59561113134,Buyers
GMB,Tropical Atlantic,2832.9752266437,15016.134765625,2995.8759605716064,9451.060463860118,97991.49205656225,10048.30588724394,34.775701310583976,NA,6.4229910699244135,0.6604715088922355,42507.90237863965,40467.454912297595,125483.25966957689,40467.454912297595,Buyers
CPV,Tropical Atlantic,8346.109724396876,52024.677734375,8888.883127363519,412778.3263899742,4175726.51071981,443936.1433468304,11.876553974286264,NA,6.4229910699244135,0.6604715088922355,2597664.5160327386,1526037.3169526965,6721366.349018173,1526037.3169526965,Buyers
KOR,Temperate Northern Pacific,77427.74441673119,3420955.0771484375,92036.20727472809,155139.52950309316,85001093.53207022,188870.8294089954,1461.6952944785342,NA,348.549308758559,0.28213492963847975,27086388.974245157,54493749.48067662,108666527.42916694,54493749.48067662,Buyers
IDN,Western Indo-Pacific,5113.291151354044,44465.744140625,6115.179574054526,336784.6202176458,6371690.683706227,435226.7819050104,30.188111201823453,NA,10.896020741273462,0.8849318176188681,3613897.6807920504,2713327.2587735513,9941122.620357651,2713327.2587735513,Buyers
RUS,Temperate Northern Atlantic,41908.02069709836,5738547.6904296875,63717.10780879543,48349.97342908284,8679642.116704646,73042.25208482094,498.08501190064777,NA,342.1635319822319,0.6062287519140426,2204201.2996383975,736893.1266365615,5145295.725913357,736893.1266365615,Buyers
CMR,Tropical Atlantic,0,0,0,6278.929278021873,14985270.631178211,8449.805850069373,4714.530539231582,NA,6.4229910699244135,0.6604715088922355,40329.50668142144,14944941.12449679,15025600.137859633,14944941.12449679,Buyers
ITA,Temperate Northern Atlantic,224542.58567876823,14432048.837890625,289720.63518283545,252433.75537095693,32022170.518286802,323608.1603296069,870.8613236122693,NA,342.1635319822319,0.6062287519140426,9543341.132995067,8046780.54740111,27133462.813391246,8046780.54740111,Buyers
THA,Western Indo-Pacific,4409.978856464353,41113.0078125,6102.174627541788,47884.40441938617,5623445.912820296,65420.14724875455,519.1206213376643,NA,10.896020741273462,0.8849318176188681,473698.2426485453,5108634.662359251,6056031.147656342,5108634.662359251,Buyers
ESH,Temperate Northern Atlantic,197788.43463194504,14474671.693359375,237692.57619673197,121622.12968289388,1643973.6500907983,141906.0391327221,26.420295351479957,NA,342.1635319822319,0.6062287519140426,26061331.919403095,-38892029.96267167,13230633.876134519,13230633.876134519,Sellers
FRO,Temperate Northern Atlantic,120171.84517180434,12419610.69140625,144966.51398178522,99099.97622782421,7328555.420946785,120334.18803252529,196.5263142434769,NA,342.1635319822319,0.6062287519140426,7210025.103338943,-12301080.373798408,2118969.832879478,2118969.832879478,Sellers
ERI,Western Indo-Pacific,2031.6367716822178,20320.806640625,2947.5232483708087,31819.36208854047,2665181.164372703,45637.66739203437,114.27626246291243,NA,10.896020741273462,0.8849318176188681,324567.67288784415,2320292.684844234,2969428.030619922,2320292.684844234,Buyers
GRC,Temperate Northern Atlantic,205992.50395563166,13502056.9296875,270226.9165516439,214976.12854303056,16731380.064313168,280795.3520286606,385.18094692078637,NA,342.1635319822319,0.6062287519140426,3073868.718826827,155454.41579884058,6303191.853452494,155454.41579884058,Buyers
CYP,Temperate Northern Atlantic,60413.07328350145,2646855.5859375,78931.21916980548,40609.313667684495,667135.5881047074,52748.93368730619,25.224546047460468,NA,342.1635319822319,0.6062287519140426,6776124.336675017,-8755844.33450781,4796404.338842224,4796404.338842224,Sellers
MLT,Temperate Northern Atlantic,32025.74112288077,3946927.64453125,40313.52181013909,26720.92940338433,2831348.01251159,33690.02401282869,200.7460846343893,NA,342.1635319822319,0.6062287519140426,1815113.1144436388,-2930692.746463299,699533.4824239789,699533.4824239789,Sellers
MRT,Temperate Northern Atlantic,2443.7425634548217,31406.2890625,2897.358146663273,1392.9332611692485,17901.584765625,1651.4941435980659,12.8517174976482,NA,342.1635319822319,0.6062287519140426,359548.62230981654,-373053.3266066915,346043.91801294155,346043.91801294155,Sellers
VNM,Central Indo-Pacific,102397.77845453897,2396545.40234375,120434.88387555948,367200.65840771305,57967993.64121168,432292.98947849823,695.0324270600513,NA,38.98452743042174,0.19908475930148972,10323215.13718919,45248233.101678744,65894663.37605712,45248233.101678744,Buyers
ISR,Temperate Northern Atlantic,13931.846681285953,495737.8125,18134.08262100384,11414.905550954329,289313.6652402533,14780.798176393644,42.50162160245968,NA,342.1635319822319,0.6062287519140426,861205.4669456198,-1067629.6142053665,654781.3196858731,654781.3196858731,Sellers
LBN,Temperate Northern Atlantic,10112.783641279488,247206.453125,12746.455898949069,8057.224156492522,177780.67882207577,10097.917870035522,32.42512526292832,NA,342.1635319822319,0.6062287519140426,703337.4935142852,-772763.2678172095,633911.7192113609,633911.7192113609,Sellers
KHM,Central Indo-Pacific,2066.128030611707,40307.1484375,3028.4784273197283,17430.640097890322,6465006.392031708,24565.485320222735,961.757165506445,NA,38.98452743042174,0.19908475930148972,598978.242141869,5825721.001452339,7023677.485736077,5825721.001452339,Buyers
DZA,Temperate Northern Atlantic,74422.68988800875,3641185.734375,85606.03670448944,62018.02868684782,2319209.535152456,71426.94397896349,69.67408224547036,NA,342.1635319822319,0.6062287519140426,4244422.68963218,-5566398.888854724,2922446.490409636,2922446.490409636,Sellers
GHA,Tropical Atlantic,0,0,0,115652.18438261884,4103359.110396825,127426.84012716547,49.91886580985285,NA,6.4229910699244135,0.6604715088922355,742832.9475068125,3360526.1628900124,4846192.057903637,3360526.1628900124,Buyers
TWN,Temperate Northern Pacific,5072.390810768989,927793.390625,5603.135214422306,28262.968075677814,24514278.67497435,31050.13938089894,1489.2099463840239,NA,348.549308758559,0.28213492963847975,8083059.675395925,15503425.608953424,31669544.959745273,15503425.608953424,Buyers
CHN,Central Indo-Pacific,17978.103112170447,529814.6796875,20496.849673325025,219082.0268971699,661810952.4305464,247639.38982716092,9619.952203443438,NA,38.98452743042174,0.19908475930148972,7839941.433161755,653441196.3176972,669121079.1840206,653441196.3176972,Buyers
PNG,Central Indo-Pacific,250323.05663776354,9298700.509164196,271130.2224320784,1117661.1649333471,47173350.03051809,1354461.0802087092,47.60203477243731,NA,38.98452743042174,0.19908475930148972,33812766.27429929,4061883.247054614,71687415.79565318,4061883.247054614,Buyers
PHL,Central Indo-Pacific,12859.504332253642,483959.03125,14841.267328933664,942607.211286934,53453952.67958652,1131254.2619415794,114.91778070803397,NA,38.98452743042174,0.19908475930148972,36245774.985146455,16724218.663190067,89215768.63348298,16724218.663190067,Buyers
NOR,Temperate Northern Atlantic,87742.90678854901,12709820.94140625,108405.68216316486,288037.48935010395,258623567.82404214,346554.5071177211,2207.3626112661636,NA,342.1635319822319,0.6062287519140426,68533501.80616839,177380245.0764675,314447248.68880427,177380245.0764675,Buyers
DEU,Temperate Northern Atlantic,1654.266652060436,81302.1796875,1801.8663576870906,19611.198682965445,25732144.768677372,22096.32305636341,2824.4663238705566,NA,342.1635319822319,0.6062287519140426,6144207.287259331,19506635.301730543,31795049.8762492,19506635.301730543,Buyers
THA,Central Indo-Pacific,0,0,0,74715.21642725235,110368498.92855988,104642.169665634,2373.802303797223,NA,38.98452743042174,0.19908475930148972,2912737.4042781163,107455761.52428177,113281236.332838,107455761.52428177,Buyers
SYR,Temperate Northern Atlantic,3855.4959674711176,214360.265625,5016.116426306438,5547.219400005808,1125413.8329916224,7204.594338812683,538.5357617241261,NA,342.1635319822319,0.6062287519140426,578846.0648131747,332207.50255344773,1489899.6321797972,332207.50255344773,Buyers
MAR,Temperate Northern Atlantic,106187.59912518368,13258466.375,124031.7886827231,138015.65496051154,33880258.92730198,160914.44857584112,1031.9992885289796,NA,342.1635319822319,0.6062287519140426,10890400.000743467,9731392.551558513,31512192.553045448,9731392.551558513,Buyers
TUR,Temperate Northern Atlantic,57285.09461741865,7158181.6640625,90938.02288737518,105036.48656964427,67282724.04426053,164675.70968102582,2042.5430879405594,NA,342.1635319822319,0.6062287519140426,16338784.927441444,43785757.45275658,76463327.30763948,43785757.45275658,Buyers
SAU,Western Indo-Pacific,0,0,0,92748.71960544954,273148113.90116996,128894.69042180188,8134.442866604112,NA,10.896020741273462,0.8849318176188681,1010591.9725475349,272137521.9286224,274158705.8737175,272137521.9286224,Buyers
NOR,Arctic,0,0,0,62010.16757845576,25226072.731726535,73907.0935857966,672.700451576216,NA,20.561550405844322,0.18427406259624657,1275025.1863392715,23951047.545387264,26501097.918065805,23951047.545387264,Buyers
FIN,Temperate Northern Atlantic,42173.99346575616,10204606.390625,52268.23790440768,33569.612833747815,7395311.812861737,41127.04324810293,314.74627800615696,NA,342.1635319822319,0.6062287519140426,2944105.2675674846,-5753399.845330748,134810.6898042215,134810.6898042215,Sellers
SWE,Temperate Northern Atlantic,54505.27261932878,13132859.93019839,65935.44794117808,68096.86231761036,18615988.50441605,83450.86082355819,462.8564688204508,NA,342.1635319822319,0.6062287519140426,4650546.336417342,832582.2378003169,10133674.910635,832582.2378003169,Buyers
MNE,Temperate Northern Atlantic,1776.0099044753304,286875.6875,2299.230769597513,4372.489178415253,1603772.1109735193,5312.455768203104,1022.1308698969306,NA,342.1635319822319,0.6062287519140426,888420.519089945,428475.90438357426,2205316.9425634644,428475.90438357426,Buyers
SDN,Western Indo-Pacific,0,0,0,27810.83764093427,100946551.46583453,39764.64968196529,7885.607800712917,NA,10.896020741273462,0.8849318176188681,303027.4637678085,100643524.00206672,101249578.92960234,100643524.00206672,Buyers
DNK,Temperate Northern Atlantic,1623.1705463673911,332382.875,1735.8727301601846,42792.04252293809,71844985.6997592,52292.82706720844,2646.811533896018,NA,342.1635319822319,0.6062287519140426,14086486.64322776,57426116.181531444,85599089.46798696,57426116.181531444,Buyers
EST,Temperate Northern Atlantic,9647.278472146723,2873714.46875,10994.452038407699,16933.029523598994,5631578.052113267,19785.12830876673,426.3494105149806,NA,342.1635319822319,0.6062287519140426,2492918.312908169,264945.2704550978,5250781.896271436,264945.2704550978,Buyers
TUN,Temperate Northern Atlantic,1878.4032468678413,560451.1875,2419.7346299704664,44280.61007965294,40442705.19725262,53361.22385669273,1480.583655746848,NA,342.1635319822319,0.6062287519140426,14508488.853746878,25373765.15600574,54390742.86349949,25373765.15600574,Buyers
ALB,Temperate Northern Atlantic,3941.766733012245,1196669.875,4651.543922695741,5551.804455461743,2581384.3997191014,6615.587337767413,860.0509822915261,NA,342.1635319822319,0.6062287519140426,550896.1937379485,833818.3309811528,1935610.71845705,833818.3309811528,Buyers
DJI,Western Indo-Pacific,0,0,0,2607.6404661674496,1221563.6557285103,3483.248269761976,1403.1102284267135,NA,10.896020741273462,0.8849318176188681,28412.90460514453,1193150.7511233657,1249976.560333655,1193150.7511233657,Buyers
LVA,Temperate Northern Atlantic,1535.1815908218255,516403.3125,1668.675611926953,15984.103350067733,6784533.411978508,18580.201760720596,512.2457586981162,NA,342.1635319822319,0.6062287519140426,4943894.102478504,1324235.9970000042,11212024.201957013,1324235.9970000042,Buyers
QAT,Western Indo-Pacific,0,0,0,17621.63189895214,13674948.564975036,20474.81898893555,1216.025445212626,NA,10.896020741273462,0.8849318176188681,192005.66666606857,13482942.898308968,13866954.231641104,13482942.898308968,Buyers
BLM,Tropical Atlantic,0,0,0,3107.9564575948107,1342717.0564175728,3372.454385184592,603.1078686449636,NA,6.4229910699244135,0.6604715088922355,19962.376572845384,1322754.6798447275,1362679.432990418,1322754.6798447275,Buyers
HRV,Temperate Northern Atlantic,0,0,0,29814.5080455312,40113528.83355705,34573.915702083155,1808.1129714481742,NA,342.1635319822319,0.6062287519140426,10201437.377171626,29912091.45638542,50314966.210728675,29912091.45638542,Buyers
LTU,Temperate Northern Atlantic,0,0,0,3434.431546993321,2765879.2704920005,3853.9777587333315,950.492561969564,NA,342.1635319822319,0.6062287519140426,1175137.2284704354,1590742.0420215651,3941016.498962436,1590742.0420215651,Buyers
POL,Temperate Northern Atlantic,0,0,0,11286.691837533712,9843655.766832476,12943.307294947494,1007.578608236657,NA,342.1635319822319,0.6062287519140426,3861894.343525562,5981761.423306914,13705550.110358039,5981761.423306914,Buyers
CHN,Temperate Northern Pacific,0,0,0,234329.33689168334,1748358722.0892487,296408.98645095376,14174.863796824871,NA,348.549308758559,0.28213492963847975,81675328.39544773,1666683393.693801,1830034050.4846964,1666683393.693801,Buyers
ARE,Western Indo-Pacific,0,0,0,22993.14407120383,35327260.86053228,26790.927585178277,1974.4136018814954,NA,10.896020741273462,0.8849318176188681,250533.77470692588,35076727.085825354,35577794.6352392,35076727.085825354,Buyers
NLD,Temperate Northern Atlantic,0,0,0,29118.746213346767,90719003.31211418,35687.81082133557,3523.2720933283445,NA,342.1635319822319,0.6062287519140426,9963373.05125297,80755630.2608612,100682376.36336716,80755630.2608612,Buyers
GTM,Tropical Atlantic,0,0,0,1328.0057256640846,3125999.7,1688.6041819109753,2353.90528789837,NA,6.4229910699244135,0.6604715088922355,8529.768916748906,3117469.9310832513,3134529.468916749,3117469.9310832513,Buyers
GGY,Temperate Northern Atlantic,0,0,0,1898.3570649734702,4561809.117567857,2266.269279334472,2479.240060624573,NA,342.1635319822319,0.6062287519140426,649548.5583147459,3912260.559253111,5211357.675882603,3912260.559253111,Buyers
BEL,Temperate Northern Atlantic,0,0,0,1966.3597514294902,5568490.671899604,2207.268067278205,3157.54526544911,NA,342.1635319822319,0.6062287519140426,672816.597696818,4895674.074202785,6241307.269596422,4895674.074202785,Buyers
MYS,Western Indo-Pacific,0,0,0,3900.0342231482614,14188209.8805606,5321.8665733411035,4511.077451550003,NA,10.896020741273462,0.8849318176188681,42494.85378709979,14145715.0267735,14230704.7343477,14145715.0267735,Buyers
KWT,Western Indo-Pacific,0,0,0,5158.3710884304155,31410616.708886407,6031.751583705016,9778.126721658242,NA,10.896020741273462,0.8849318176188681,56205.718370723174,31354410.990515683,31466822.42725713,31354410.990515683,Buyers
BHR,Western Indo-Pacific,0,0,0,3879.4492138175883,34258984.09493194,4477.705947136795,10286.26924880252,NA,10.896020741273462,0.8849318176188681,42270.559098473466,34216713.53583346,34301254.65403041,34216713.53583346,Buyers
IRQ,Western Indo-Pacific,0,0,0,1089.484632722677,13072836.000000002,1524.113717089986,11999.100866003337,NA,10.896020741273462,0.8849318176188681,11871.047155444987,13060964.952844556,13084707.047155447,13060964.952844556,Buyers
SGP,Central Indo-Pacific,0,0,0,1325.548352861142,22673906.880000003,1753.6285943115715,17105.3035002905,NA,38.98452743042174,0.19908475930148972,51675.876122465546,22622231.003877535,22725582.75612247,22622231.003877535,Buyers
