iso3,hemisphere,mkt_tb,mkt_tc,mkt_area,bau_tb,bau_tc,bau_area,mc_stop,pct_protected,trading_price,pixel_fraction,rect,mkt_tc_b,mkt_tc_s,savings,transaction
NZL,SW,717597.1726993206,634992.8125587953,838471.7547629992,588432.5512499289,318880.17620303493,690127.4121732238,1.3389403515106275,NA,5.374912917979984,0.4815189528371904,694248.5923743299,-1010361.2287300903,378135.95601856953,378135.95601856953,Sellers
ATF,SE,859697.6173589462,3834964.8031111807,981519.0630060036,639231.1807625986,1550253.3174660346,737548.5162599178,5.396263209044256,NA,41.46813990455377,0.35348392489706437,9142333.037035776,-11427044.522680923,6857621.55139063,6857621.55139063,Sellers
NZL,SE,1505571.4084875544,4084965.6734735062,1773832.4187186423,1404195.5696757666,2051045.0070900363,1651422.3005430184,11.562383766748876,NA,41.46813990455377,0.35348392489706437,4203867.466788708,-6237788.133172179,2169946.8004052383,2169946.8004052383,Sellers
HMD,SE,101985.65943528077,426720.18250865396,120715.54664211946,85640.2595391776,25243.463754024302,101065.28812410346,3.7766580323626977,NA,41.46813990455377,0.35348392489706437,677813.3296874852,-1079290.0484421148,276336.6109328556,276336.6109328556,Sellers
CAN,NW,2847670.559170329,16176507.838057417,3525696.6707679145,2718810.785990897,8126920.228756526,3375610.3017618754,39.757509129071224,NA,89.32093389761239,0.8707228429952237,11509875.282221364,-19559462.891522255,3460287.672920472,3460287.672920472,Sellers
ARG,SW,36544.916204644425,10171.74902125448,43307.147321279335,541956.6563960433,484792730.98603594,645842.5593132563,1371.953448190449,NA,5.374912917979984,0.4815189528371904,2716544.091253493,482066015.1457612,487499103.3282682,482066015.1457612,Buyers
IRL,NW,101925.56063916399,1120669.2262474447,119187.00872062914,208000.64939828348,88210389.42617337,244473.9206382922,1805.4363445761976,NA,89.32093389761239,0.8707228429952237,9474725.99123668,77614994.20868924,96564446.19116262,77614994.20868924,Buyers
RUS,NE,3403906.6046474515,160521154.48094776,4307078.131177263,3364852.4907574025,141532129.91554108,4259163.044330457,463.7254177716029,NA,520.2714292104168,0.40296454202382836,20318739.65012221,-39307764.21552889,1329715.0847155154,1329715.0847155154,Sellers
PCN,SW,333580.16812238406,101089.84801533818,437160.7168667629,257932.42916287767,13565.301822143872,337159.3548045721,0.15100918574573857,NA,5.374912917979984,0.4815189528371904,406600.0093494286,-494124.5555426229,319075.4631562343,319075.4631562343,Sellers
PYF,SW,2985743.35047943,5620605.5099928975,3566902.623112697,2475866.7866879497,4041188.9048271636,2951271.770608267,2.5498449372777507,NA,5.374912917979984,0.4815189528371904,2740542.1292980732,-4319958.734463807,1161125.5241323393,1161125.5241323393,Sellers
SJM,NE,220291.17733765152,31128636.6260456,268986.34608465736,227460.19961609307,35015736.386698045,277624.59616006876,559.7092478746516,NA,520.2714292104168,0.40296454202382836,3729837.4668461056,157262.2938063396,7616937.22749855,157262.2938063396,Buyers
GRL,NW,418611.11952307937,10177332.029751785,509426.35124688153,855102.2579153847,329728859.5368245,1015891.0832992431,1611.122648203542,NA,89.32093389761239,0.8707228429952237,38987796.11923269,280563731.38784003,358539323.62630546,280563731.38784003,Buyers
TKL,SW,232085.2680484208,146819.9341610074,295078.10503868206,178744.5476765975,616.4607085861754,227183.17446657005,0.006556401913720848,NA,5.374912917979984,0.4815189528371904,286701.72698087123,-432905.2004332924,140498.25352845,140498.25352845,Sellers
UKR,NE,78547.12558415663,13148992.91987282,115890.83978546388,62116.031178897036,7096447.2443534285,93704.11667912829,279.32413789992285,NA,520.2714292104168,0.40296454202382836,8548628.969715694,-14601174.645235086,2496083.294196302,2496083.294196302,Sellers
ISL,NW,243895.51648532707,3712408.487682283,291859.7072913,361817.84502767486,35536062.36382542,430243.00295986107,535.2124535679206,NA,89.32093389761239,0.8707228429952237,10532932.512783578,21290721.363359556,42356586.388926715,21290721.363359556,Buyers
ZAF,SE,1001428.9917845405,2162890.0546290874,1128091.0430534787,790615.779738933,44416.964064501364,887951.6936818406,0.2447863517373089,NA,41.46813990455377,0.35348392489706437,8742031.770835612,-10860504.861400198,6623558.680271026,6623558.680271026,Sellers
NIU,SW,247218.44071080736,54550.847447395325,301719.21771778393,185250.6769269958,731.7156230007943,225844.85135555183,0.00775824941148292,NA,5.374912917979984,0.4815189528371904,333071.33405994094,-386890.46588433546,279252.2022355464,279252.2022355464,Sellers
WLF,SW,133433.60801961375,128868.94713139534,170870.60964181117,109167.05602490267,44174.79201500231,139625.818587512,2.2444352129524727,NA,5.374912917979984,0.4815189528371904,130430.60379120549,-215124.7589075985,45736.44867481246,45736.44867481246,Sellers
NAM,SE,323382.2023479559,1356963.2240514755,392436.31174765085,301934.58515871415,637438.3044548051,363359.6742687612,23.768145003030053,NA,41.46813990455377,0.35348392489706437,889392.7902227892,-1608917.7098194596,169867.87062611873,169867.87062611873,Sellers
GEO,NE,13155.290999185083,1233625.6190218925,20422.917141486145,10361.14489701204,762904.0896614371,15821.801726394056,110.3410487603224,NA,520.2714292104168,0.40296454202382836,1453714.3860002845,-1924435.91536074,982992.856639829,982992.856639829,Sellers
BMU,NW,328044.3286330744,382789.4694290161,367017.1639823899,235998.43859919359,4515.174711583005,263644.3711868126,0.028084312962227433,NA,89.32093389761239,0.8707228429952237,8221624.859263169,-8599899.153980602,7843350.564545736,7843350.564545736,Sellers
MNP,NE,610388.6775714137,1995986.2967677116,709479.1099468991,433375.96107570373,607720.1042854269,499699.8275981275,3.248464030309823,NA,520.2714292104168,0.40296454202382836,92094658.99964134,-93482925.19212362,90706392.80715907,90706392.80715907,Sellers
TWN,NE,204910.6959291971,16496744.759162903,227846.6955196961,220522.12648553072,28113869.601264067,244607.56130628384,810.8585307893175,NA,520.2714292104168,0.40296454202382836,8122181.287562868,3494943.5545382965,19739306.129664034,3494943.5545382965,Buyers
SHN,SW,1239094.5526187369,212821.10982322693,1379823.7409572145,962734.5437863084,84658.61429234767,1069432.5826688434,0.16215873782458592,NA,5.374912917979984,0.4815189528371904,1485410.9814864823,-1613573.4770173617,1357248.485955603,1357248.485955603,Sellers
CHL,SW,1136655.5348055991,2922604.7554893494,1376268.9781838404,1500285.9385008467,5306846.286031192,1791872.4647712235,7.789588298864474,NA,5.374912917979984,0.4815189528371904,1954481.7541918627,429759.77634998015,4338723.284733705,429759.77634998015,Buyers
BHS,NW,280705.9600171875,739369.8028202057,337889.534109354,344681.46944308066,37022080.781485476,413583.6028401837,632.46521979872,NA,89.32093389761239,0.8707228429952237,5714352.248496279,30568358.73016899,41997063.22716155,30568358.73016899,Buyers
JAM,NW,193270.4652757753,654833.4419088364,218455.31168922866,156141.74470050982,14553.828366629505,176944.6538362941,0.5820579008202238,NA,89.32093389761239,0.8707228429952237,3316371.996206208,-3956651.6097484147,2676092.382664001,2676092.382664001,Sellers
AIA,NW,67381.40432770913,144171.53398799896,80905.85803611152,55513.22150710197,1085.9101667962734,66652.8666481788,0.21198084617510807,NA,89.32093389761239,0.8707228429952237,1060077.173204231,-1203162.7970254337,916991.5493830284,916991.5493830284,Sellers
CRI,NW,445177.8640357967,1349684.277176857,516362.5643661967,350686.74497319455,73626.9563462914,406434.9185303987,1.3790049566908407,NA,89.32093389761239,0.8707228429952237,8440034.99970211,-9716092.320532676,7163977.678871545,7163977.678871545,Sellers
TCA,NW,59149.812511147575,178911.59854221344,76493.00611129678,49539.00894871205,8683.357394499888,63892.693741994844,2.9422616741343046,NA,89.32093389761239,0.8707228429952237,858445.9497032412,-1028674.1908509547,688217.7085555277,688217.7085555277,Sellers
CYM,NW,93386.3166914745,64419.63817882538,113439.45092669429,66304.28485094689,1234.4878573635503,79037.80512812088,0.03774666594674203,NA,89.32093389761239,0.8707228429952237,2418992.3758408003,-2482177.526162262,2355807.2255193386,2355807.2255193386,Sellers
ATG,NW,80114.87263125872,228890.2424697876,93181.59022413642,66617.81122667929,3720.0320916069213,77145.77526864709,0.6340311355315905,NA,89.32093389761239,0.8707228429952237,1205570.1295304552,-1430740.339908636,980399.9191522745,980399.9191522745,Sellers
DOM,NW,218671.1501879217,535059.346455574,256316.42391358642,168203.6129169614,170033.8599843714,196145.7352668058,1.5922815611665364,NA,89.32093389761239,0.8707228429952237,4507807.560554735,-4872833.047025938,4142782.0740835327,4142782.0740835327,Sellers
COG,SE,21451.439642184487,119989.60139465332,24499.525418566365,19563.25199652973,70184.13919648877,22184.433029479715,26.3773901459321,NA,41.46813990455377,0.35348392489706437,78299.6294560615,-128105.09165422605,28494.16725789696,28494.16725789696,Sellers
GAB,SE,123663.53422544626,673050.3513450623,135073.5261982769,120364.26045999356,561555.100107456,131578.19718026047,32.28015618839499,NA,41.46813990455377,0.35348392489706437,136814.74608921653,-248309.9973268228,25319.494851610274,25319.494851610274,Sellers
HTI,NW,67912.49966062252,35106.735485076904,79190.02894880499,59615.77023473651,7914.5978590954965,69189.03159513869,1.2068134852299603,NA,89.32093389761239,0.8707228429952237,741071.6206159395,-768263.7582419208,713879.4829899581,713879.4829899581,Sellers
RUS,NW,246008.02822920232,1623889.7425894737,298725.77556453826,257639.33289445261,15081609.360475745,312528.0823435516,2111.5524722630357,NA,89.32093389761239,0.8707228429952237,1038918.9951478123,12418800.622738458,14496638.613034084,12418800.622738458,Buyers
AUS,SE,2977789.147340106,12044787.486938477,3359239.322507928,3327969.098298968,31961138.311416145,3750330.538579007,67.92208502116733,NA,41.46813990455377,0.35348392489706437,14521311.198131867,5395039.626345802,34437662.02260953,5395039.626345802,Buyers
USA,NW,3760135.492896368,27787495.59009838,4287838.628254024,4187486.5355092934,156469526.6469877,4782630.535002577,593.8485850768236,NA,89.32093389761239,0.8707228429952237,38171394.22830487,90510636.82858446,166853425.2851942,90510636.82858446,Buyers
HND,NW,111992.14160195332,514041.3558063507,132161.3176096472,118089.40400664219,1271343.716380997,139404.98621793353,140.40561071748678,NA,89.32093389761239,0.8707228429952237,544613.1722056115,212689.1883690349,1301915.532780258,212689.1883690349,Buyers
CUW,NW,24668.494265497728,68619.61200141907,26942.1516349579,21591.71595548353,9958.70731806822,23733.122623136624,2.137200808432986,NA,89.32093389761239,0.8707228429952237,274820.7120463856,-333481.61672973644,216159.80736303478,216159.80736303478,Sellers
CUB,NW,181168.96129126297,256964.33285331726,223152.0939689073,205501.76713792435,11001579.392111957,251509.5488387224,509.9078157293932,NA,89.32093389761239,0.8707228429952237,2173428.942573078,8571186.116685562,12918044.001831718,8571186.116685562,Buyers
GBR,NW,63647.73503292681,1781957.6014671326,75322.20332297838,321549.2272025892,460654693.17049205,377999.5068220585,3282.248282099289,NA,89.32093389761239,0.8707228429952237,23036002.134182017,435836733.4348429,481908737.70320696,435836733.4348429,Buyers
TON,SW,440241.40401155927,187887.1002178192,512200.1751628874,362674.8373564402,24554.532033934764,420532.3647598132,0.5218953717434404,NA,5.374912917979984,0.4815189528371904,416913.54111795494,-580246.1093018394,253580.97293407048,253580.97293407048,Sellers
GUY,NW,76513.16283062188,320475.73616600037,88118.38542907037,85169.97242203302,1922629.3663068265,97877.2760096592,292.14488075399777,NA,89.32093389761239,0.8707228429952237,773234.317278652,828919.3128621741,2375387.947419478,828919.3128621741,Buyers
BRB,NW,157026.68387450668,805170.3081932068,176688.77754521728,115365.37704210343,9741.699996726786,129965.34694190483,1.5259015967203449,NA,89.32093389761239,0.8707228429952237,3721226.833665238,-4516655.441861718,2925798.225468758,2925798.225468758,Sellers
ABW,NW,24574.32764803728,116858.09015274048,26872.262215064067,19481.16932954962,17413.672526069437,21437.694621948816,3.7908868626667203,NA,89.32093389761239,0.8707228429952237,454925.6574957111,-554370.0751223821,355481.2398690401,355481.2398690401,Sellers
BLZ,NW,11844.577469690064,34226.430950164795,14682.308506972544,20693.135852359115,3867742.803374993,25469.449124556057,568.5971549735789,NA,89.32093389761239,0.8707228429952237,790361.4983875463,3043154.874037282,4623877.870812375,3043154.874037282,Buyers
VGB,NW,53835.75415923607,109869.84418106079,66245.1057793625,43891.31953586244,4403.706691397954,53799.24536891427,1.839352059438678,NA,89.32093389761239,0.8707228429952237,888246.1876434839,-993712.3251331467,782780.050153821,782780.050153821,Sellers
ROU,NE,25390.38372436679,1283437.2085723877,35362.18641721623,18027.17244430042,357905.85248756915,26127.303736410384,69.36517586820581,NA,520.2714292104168,0.40296454202382836,3830868.456258394,-4756399.812343212,2905337.1001735753,2905337.1001735753,Sellers
COK,SW,1396362.0699863462,377002.73711395264,1733895.7687747888,1070182.9818028323,77233.07912823264,1328323.607914662,0.1115796652252806,NA,5.374912917979984,0.4815189528371904,1753184.1946525008,-2052953.8526382209,1453414.5366667807,1453414.5366667807,Sellers
BGR,NE,17548.875746225804,1554521.8301811218,27066.812285064923,14718.050520694243,984623.4187380829,23046.299778073262,200.85329852196654,NA,520.2714292104168,0.40296454202382836,1472797.4859322053,-2042695.8973752442,902899.0744891664,902899.0744891664,Sellers
TTO,NW,34376.371757612724,74829.12867736816,39249.3972207307,43756.070146697035,1510191.9980428214,50350.14553802095,186.66536267050097,NA,89.32093389761239,0.8707228429952237,837803.4197909412,597559.4495745121,2273166.2891563945,597559.4495745121,Buyers
EGY,NE,145542.59620528473,19240888.01249695,185161.78440631067,135995.32983141814,14545163.134372827,172779.46436930864,458.3146300176636,NA,520.2714292104168,0.40296454202382836,4967169.921384123,-9662894.799508244,271445.04326000065,271445.04326000065,Sellers
IDN,NE,744712.3230409774,16420905.753311157,949511.664021106,1004547.9127813126,277305873.9867079,1259543.7008001471,1502.2439706523812,NA,520.2714292104168,0.40296454202382836,135185033.63393575,125699934.59946102,396070001.8673325,125699934.59946102,Buyers
SUR,NW,74889.52881116858,737998.2571792603,88344.04736605205,76012.63660874258,839093.406362155,89756.63170439473,90.01375415723025,NA,89.32093389761239,0.8707228429952237,100317.03734700069,778.1118358940439,201412.1865298954,778.1118358940439,Buyers
IDN,SE,1428015.7591122652,16864477.169166565,1684126.035822952,2534064.436305217,1005095872.897525,2943311.844131832,1815.3124326920672,NA,41.46813990455377,0.35348392489706437,45865781.28708396,942365614.4412744,1034097177.0154424,942365614.4412744,Buyers
AGO,SE,208143.4962535404,316257.953956604,228595.13351389038,297172.2760812741,13047147.00332862,325436.1259630602,170.52111193023828,NA,41.46813990455377,0.35348392489706437,3691857.897428176,9039031.15194384,16422746.946800191,9039031.15194384,Buyers
URY,SW,33232.74353161141,23530.718223571777,39670.777130864015,70520.88211600028,26971926.425083306,86501.03726112998,1055.4217543050352,NA,5.374912917979984,0.4815189528371904,200420.4977646596,26747975.209095076,27148816.204624392,26747975.209095076,Buyers
SOM,NE,597431.6679350965,12138516.308105469,671463.1462079828,427645.3360077296,143474.39638549986,475441.1268418023,7.587143542104606,NA,520.2714292104168,0.40296454202382836,88334977.57224543,-100330019.4839654,76339935.66052547,76339935.66052547,Sellers
COL,NW,574792.1395899794,4019034.3015594482,651450.884817246,442429.68869805726,214621.08540808866,498700.98010845017,1.0243621870453075,NA,89.32093389761239,0.8707228429952237,11822737.726643346,-15627150.942794707,8018324.510491987,8018324.510491987,Sellers
USA,NE,36730.05322383216,875661.7326011658,43474.633734281,26078.33778892083,345422.76793381874,30863.016690511282,17.568223213325506,NA,520.2714292104168,0.40296454202382836,5541783.212863974,-6072022.1775313215,5011544.248196627,5011544.248196627,Sellers
SJM,NW,89329.08447959369,1844328.7150115967,109356.93204659986,74781.52004925655,879856.6665426422,92245.6061699321,47.49639922327047,NA,89.32093389761239,0.8707228429952237,1299402.0408534007,-2263874.089322355,334929.9923844462,334929.9923844462,Sellers
MUS,SE,1576428.7772619585,4757505.319313049,1772842.010981598,1148435.7512397305,346763.80011680117,1298304.0019732541,0.5575362668374614,NA,41.46813990455377,0.35348392489706437,17748074.68126307,-22158816.200459316,13337333.162066823,13337333.162066823,Sellers
NFK,SE,286837.5326347449,570482.8871307373,321725.458542197,202731.7213837344,20542.456286347147,227162.19336874314,0.2059777796965516,NA,41.46813990455377,0.35348392489706437,3487711.5477428953,-4037651.9785872856,2937771.116898505,2937771.116898505,Sellers
SLE,NW,105889.62515858558,615995.8203659058,119268.23569566042,102614.82895022313,465088.50526020996,115528.18578031339,44.744231556320386,NA,89.32093389761239,0.8707228429952237,292507.85565529356,-443415.17076098936,141600.54054959776,141600.54054959776,Sellers
SOM,SE,73977.37391677267,292645.4810180664,80000.78365669266,60503.75719920581,5603.61686136569,65336.247618053174,0.13205746692521583,NA,41.46813990455377,0.35348392489706437,558725.8230643974,-845767.6872210982,271683.9589076967,271683.9589076967,Sellers
CXR,SE,284563.20194214705,1471426.9187927246,316859.10403470544,208138.32062764541,225055.6106293218,232014.40777742772,9.71090339753283,NA,41.46813990455377,0.35348392489706437,3169197.6705386713,-4415568.978702074,1922826.3623752685,1922826.3623752685,Sellers
CCK,SE,390248.2124386489,512952.51400756836,442235.67155820306,281013.6925809985,44489.823351636776,318906.5602385974,0.22549366626354003,NA,41.46813990455377,0.35348392489706437,4529752.351863803,-4998215.042519735,4061289.661207872,4061289.661207872,Sellers
PRT,NW,1135148.8560975695,9676470.496749878,1316562.5525616887,892692.521120986,4636480.352366975,1027490.7409801992,11.681009777498645,NA,89.32093389761239,0.8707228429952237,21656426.26950078,-26696416.413883686,16616436.125117877,16616436.125117877,Sellers
PAN,NW,200373.23350055332,1031790.4106292725,246440.43071184042,187568.6968458951,549811.7462305173,230493.97202141906,21.659334860617882,NA,89.32093389761239,0.8707228429952237,1143713.1721202834,-1625691.8365190385,661734.5077215282,661734.5077215282,Sellers
IND,NE,1321421.0185809708,34381548.420791626,1600633.1771555187,1327190.536866036,37407214.4131886,1607456.141721182,535.2730649953774,NA,520.2714292104168,0.40296454202382836,3001715.5240265,23950.468370473012,6027381.516423471,23950.468370473012,Buyers
VUT,SE,454199.16454725777,1107618.315170288,518542.5418951743,377511.9848479593,198628.76286191633,429704.59127455554,3.0018317542977924,NA,41.46813990455377,0.35348392489706437,3180074.6966561647,-4089064.2489645365,2271085.144347793,2271085.144347793,Sellers
KEN,SE,76843.67091193203,173961.87231445312,82923.51264246074,68762.782903691,25508.207547710957,74075.87382254029,4.36468939801267,NA,41.46813990455377,0.35348392489706437,335099.39447877003,-483553.05924551224,186645.72971202785,186645.72971202785,Sellers
NIC,NW,102663.8972563258,1140746.9526367188,120039.89486318585,125602.79562816088,5952480.169587482,146449.97592752965,313.9550997012414,NA,89.32093389761239,0.8707228429952237,2048923.8251547297,2762809.3917960334,6860657.042105492,2762809.3917960334,Buyers
JPN,NE,2456395.043487338,71693117.5395813,2715886.8139015585,2151244.239693613,18979000.106333096,2367720.9499053545,45.07366678978066,NA,520.2714292104168,0.40296454202382836,158761244.81446883,-211475362.24771702,106047127.38122062,106047127.38122062,Sellers
ESP,NW,421809.5280280395,7256918.825408936,500346.2693554697,435199.8060942798,8948092.874262588,515780.34471449046,194.64789231201163,NA,89.32093389761239,0.8707228429952237,1196032.1420252998,495141.9068283527,2887206.190878952,495141.9068283527,Buyers
BEN,NE,33316.46889488962,1001911.2224731445,36799.62324416253,27638.064972569384,30645.291584214297,30483.84120754002,7.583336779935152,NA,520.2714292104168,0.40296454202382836,2954311.324299587,-3925577.2551885173,1983045.3934106566,1983045.3934106566,Sellers
COD,SE,8354.02768067918,1992.7722473144531,9171.259344304224,7571.431404248257,1632.1776803392786,8249.450842460625,0.4607670363826514,NA,41.46813990455377,0.35348392489706437,32452.81187982037,-32813.40644679555,32092.217312845194,32092.217312845194,Sellers
TLS,SE,35150.49619720169,563731.8433532715,39451.78333050611,50484.80867164041,1591515.9808974513,56540.82578456854,93.13202444569548,NA,41.46813990455377,0.35348392489706437,635885.4150301688,391898.72251401097,1663669.5525743486,391898.72251401097,Buyers
GTM,NW,78199.02357841296,897334.0218200684,96234.9575477081,64913.9884486417,214651.30269406032,79765.835817757,31.046689523624313,NA,89.32093389761239,0.8707228429952237,1186631.7446537574,-1869314.4637797654,503949.0255277494,503949.0255277494,Sellers
VCT,NW,24149.04095776415,384437.5922241211,26967.97896840928,20956.907943368664,208164.7451253625,23396.897153241003,46.482743150625474,NA,89.32093389761239,0.8707228429952237,285124.3019712055,-461397.14906996407,108851.45487244692,108851.45487244692,Sellers
FJI,SE,732248.0557046435,1930209.5077209473,854690.1761065715,589315.086768727,304598.8255763172,683917.4570876015,1.2726576280692363,NA,41.46813990455377,0.35348392489706437,5927164.352807821,-7552775.034952451,4301553.670663191,4301553.670663191,Sellers
WSM,SW,69740.19088746207,74912.42510986328,89871.26886053183,76683.72160283104,119993.02987112288,98795.49742577862,7.057655400418162,NA,5.374912917979984,0.4815189528371904,37320.87293842745,7759.731822832153,82401.47769968705,7759.731822832153,Buyers
LBR,NW,195219.72144095262,1619986.999572754,214942.13761011517,160358.8933209606,121835.20889974105,176864.53634189063,7.347884449433885,NA,89.32093389761239,0.8707228429952237,3113801.724121834,-4611953.514794847,1615649.9334488213,1615649.9334488213,Sellers
GLP,NW,65460.46752707492,84105.319091796875,73658.85522556533,56306.43740875017,39839.866270805265,63454.80799312462,2.8922476879216603,NA,89.32093389761239,0.8707228429952237,817646.519095638,-861911.9719166296,773381.0662746463,773381.0662746463,Sellers
GUF,NW,75808.84106783231,478709.48724365234,88558.06794404521,73482.89636459874,428601.2264322797,85547.30973715473,21.543186620778712,NA,89.32093389761239,0.8707228429952237,207755.5530870277,-257863.81389840037,157647.29227565508,157647.29227565508,Sellers
PAK,NE,115692.92110560385,4121421.1795043945,138704.30529760662,127149.68143179751,15860860.760371044,152711.31538379868,1196.8743096376224,NA,520.2714292104168,0.40296454202382836,5960625.069029977,5778814.511836673,17700064.649896625,5778814.511836673,Buyers
PRK,NE,52100.45000938287,1570755.1475219727,63567.580443051564,73424.22644197893,44903295.939160116,89065.97996286504,2411.776246253849,NA,520.2714292104168,0.40296454202382836,11094151.640750157,32238389.15088799,54426692.4323883,32238389.15088799,Buyers
FJI,SW,145848.39823487398,133293.1297607422,165462.95163416656,183739.35392253732,566518.3911848621,209200.40684178256,16.61928563032243,NA,5.374912917979984,0.4815189528371904,203660.58720022885,229564.67422389108,636885.8486243488,229564.67422389108,Buyers
BRA,NW,333141.32733431226,1491491.0341186523,365824.8623871602,357454.3255174569,4764170.897489389,392883.87811115757,152.71208519163054,NA,89.32093389761239,0.8707228429952237,2171659.7035694346,1101020.1598013025,5444339.566940172,1101020.1598013025,Buyers
LBY,NE,274483.48802416405,21732752.113098145,353301.78895876213,199378.82498713073,1329058.5784384117,261382.8390213061,27.777081960878405,NA,520.2714292104168,0.40296454202382836,39074810.37864409,-59478503.91330382,18671116.843984354,18671116.843984354,Sellers
PER,SW,494845.8292352075,338586.4112548828,561507.9005200606,500916.64880543854,376050.2233767374,568203.4228202177,6.53432660837014,NA,5.374912917979984,0.4815189528371904,32630.126530760394,4833.685591094178,70093.93865261495,4833.685591094178,Buyers
MEX,NW,1802265.7030672473,12232643.145874023,2091836.3156146505,1632311.4257562382,5221732.443514407,1895787.1191823937,17.96976827769541,NA,89.32093389761239,0.8707228429952237,15180474.76931313,-22191385.471672747,8169564.066953514,8169564.066953514,Sellers
LKA,NE,391691.83163572376,4629281.002075195,458416.7079398162,317976.7196010289,1462646.096519152,371783.4406256662,9.119614253324654,NA,520.2714292104168,0.40296454202382836,38351866.6926967,-41518501.59825274,35185231.78714065,35185231.78714065,Sellers
TZA,SE,164531.83326412438,203040.51599121094,177039.99438073486,156063.60236153076,148474.73829629846,167786.5722592182,4.172760456288819,NA,41.46813990455377,0.35348392489706437,351161.7838128176,-405727.56150773005,296596.00611790514,296596.00611790514,Sellers
GRD,NW,10774.443280243455,214689.09509277344,12007.290536511884,16971.484815029173,1190496.9677912076,19211.745909064844,236.2802709289753,NA,89.32093389761239,0.8707228429952237,553525.5372893536,422282.3354090806,1529333.4099877877,422282.3354090806,Buyers
BRA,SW,1192485.659716004,3689536.6540527344,1433669.7171846048,1628767.539698223,17976978.194025796,1975808.2676063299,173.44207595544435,NA,5.374912917979984,0.4815189528371904,2344977.112597021,11942464.427376041,16632418.652570082,11942464.427376041,Buyers
NCL,SE,935002.0341465033,3143786.3775634766,1036034.9143268098,706877.4388556207,755789.8643791045,780428.9468211333,2.6612067477990244,NA,41.46813990455377,0.35348392489706437,9459902.633192029,-11847899.146376401,7071906.1200076565,7071906.1200076565,Sellers
UMI,NW,814250.328226659,4307092.849975586,910418.3402808543,581890.0426048457,1428195.6093867815,651040.2665010466,3.6903422660960303,NA,89.32093389761239,0.8707228429952237,20754637.71245632,-23633534.953045122,17875740.471867517,17875740.471867517,Sellers
SLV,NW,58446.924492020495,215784.45458984375,69357.18919915656,53197.23350026505,75008.40086752012,63405.91527789748,23.581919542314818,NA,89.32093389761239,0.8707228429952237,468907.3020574793,-609683.3557798029,328131.24833515566,328131.24833515566,Sellers
UMI,SW,275635.74572204024,743309.9735107422,307602.7089627796,236645.6607707858,567100.5595829585,264166.98088519194,3.815560419151199,NA,5.374912917979984,0.4815189528371904,209568.31127763452,-385777.72520541825,33358.89734985074,33358.89734985074,Sellers
MMR,NE,172826.04957081526,4635077.46862793,219265.97370914667,262366.56557879143,208203728.66924194,344109.0837404227,3605.9439048359213,NA,520.2714292104168,0.40296454202382836,46585372.23570797,156983278.96490604,250154023.43632197,156983278.96490604,Buyers
BGD,NE,28308.136951125183,175373.71350097656,34882.857681738824,57137.94854715222,166969001.7774116,73848.12403660465,8497.34763237805,NA,520.2714292104168,0.40296454202382836,14999327.282932036,151794300.7809786,181792955.34684268,151794300.7809786,Buyers
TGO,NE,11056.788701996207,310839.36376953125,12272.431304208223,7850.319978417307,153991.84611128428,8710.029627811009,36.61421767812378,NA,520.2714292104168,0.40296454202382836,1668234.0655348955,-1825081.5831931424,1511386.5478766486,1511386.5478766486,Sellers
UMI,NE,335293.8224579665,1608556.2553710938,380120.27889259637,238058.61394515622,629985.96743538,268768.43543076684,4.017827174475881,NA,520.2714292104168,0.40296454202382836,50588700.902532704,-51567271.190468416,49610130.61459699,49610130.61459699,Sellers
SPM,NW,3579.2045181955145,13666.009521484375,4434.322725867193,11703.526151407177,5138124.503556974,13853.596643237994,1119.692777906856,NA,89.32093389761239,0.8707228429952237,725671.9955630413,4398786.498472448,5850130.489598531,4398786.498472448,Buyers
NGA,NE,99416.40045364187,1196921.1096191406,110542.83474658168,111053.51325654624,19381760.493614495,124308.4015001905,3035.0170357177426,NA,520.2714292104168,0.40296454202382836,6054457.309849899,12130382.074145455,24239296.693845253,12130382.074145455,Buyers
PRI,NW,105628.77952380409,341185.1540527344,120211.76884362835,97621.50943987705,285363.13207324024,111365.15364587649,5.613405763623216,NA,89.32093389761239,0.8707228429952237,715216.8418667763,-771038.8638462705,659394.8198872822,659394.8198872822,Sellers
REU,SE,258068.97976632306,754162.06787109375,288776.2679388405,190300.6961853289,379301.0377062153,212981.95278048355,2.561505618947355,NA,41.46813990455377,0.35348392489706437,2810224.6646281397,-3185085.694793018,2435363.6344632613,2435363.6344632613,Sellers
MOZ,SE,358654.3180555509,1889650.6430664062,385358.9080839016,361222.3804824089,2021284.5396456146,388143.99679619144,51.25805946246408,NA,41.46813990455377,0.35348392489706437,106492.77200057541,25141.12457863291,238126.66857978376,25141.12457863291,Buyers
GUM,NE,164999.34615027218,1221253.8466796875,203952.15345596682,117149.53576669323,294837.1805236645,144553.03741461784,4.006845257460227,NA,520.2714292104168,0.40296454202382836,24894889.235712066,-25821305.90186809,23968472.569556043,23968472.569556043,Sellers
VEN,NW,252482.72073112283,1800208.663630175,277402.784527139,287882.8669277456,8590432.311561683,316447.1330690383,281.04047845984235,NA,89.32093389761239,0.8707228429952237,3161974.1183943553,3628249.5295371534,9952197.766325863,3628249.5295371534,Buyers
TUV,SE,393458.36940576363,2276695.789794922,509306.1201067685,297783.9564123064,1171560.423471677,386465.1511821753,4.999885948541499,NA,41.46813990455377,0.35348392489706437,3967439.9432987417,-5072575.309621987,2862304.5769754965,2862304.5769754965,Sellers
MDV,NE,473908.8385971656,4863721.121582031,570729.4700933656,406214.23079460737,2141302.32236188,489280.1545536476,16.384681800313412,NA,520.2714292104168,0.40296454202382836,35219570.3512756,-37941989.15049575,32497151.55205545,32497151.55205545,Sellers
MTQ,NW,34516.24960522643,143944.27124023438,38651.09442163167,32275.72746890213,112018.74805594825,36127.990883891376,14.249144280565625,NA,89.32093389761239,0.8707228429952237,200125.52963476043,-232051.05281904654,168200.00645047432,168200.00645047432,Sellers
MDV,SE,167705.51231069764,855950.2890625,206088.71015288023,133571.13250638355,298393.19736281584,164156.5070403391,5.810391044242912,NA,41.46813990455377,0.35348392489706437,1415489.2372804713,-1973046.3289801553,857932.1455807871,857932.1455807871,Sellers
KIR,SE,386365.921328525,3463748.828125,467383.4330133163,304096.76101110096,2362012.5241725533,366307.3530125214,10.940179984795984,NA,41.46813990455377,0.35348392489706437,3411549.049873104,-4513285.3538255505,2309812.745920657,2309812.745920657,Sellers
ASM,SW,238366.6075204466,815409.7702200663,312265.76310506876,201528.82035027977,634076.4556761621,264093.298943063,4.576599022956064,NA,5.374912917979984,0.4815189528371904,197999.89813072694,-379333.2126746311,16666.58358682273,16666.58358682273,Sellers
BES,NW,11114.465963429231,139471.6318359375,12018.615038715483,14813.363100483346,573195.8754649609,16050.097038788692,161.4591287597247,NA,89.32093389761239,0.8707228429952237,330388.94667287834,103335.29695614509,764113.1903019018,103335.29695614509,Buyers
TUV,SW,85306.9397153187,244011.87036132812,109589.37983746268,84170.51518604683,238426.87097592402,108121.01754201869,4.914536110006824,NA,5.374912917979984,0.4815189528371904,6108.182882692695,-11693.182268096803,523.1834972885845,523.1834972885845,Sellers
GNQ,SE,210656.8933437887,1016749.0625,224407.88029345137,155699.97108980885,346019.32149243826,165771.32038255167,2.4798938801991777,NA,41.46813990455377,0.35348392489706437,2278961.3407517206,-2949691.0817592824,1608231.5997441588,1608231.5997441588,Sellers
COM,SE,129525.84012760998,445845.9013671875,138805.49271887666,110311.09082935682,345860.26742953144,118170.41313612026,4.558060000551978,NA,41.46813990455377,0.35348392489706437,796799.9121308882,-896785.5460685443,696814.2781932321,696814.2781932321,Sellers
SYC,SE,921126.6191022219,5064752.7626953125,1006759.0157758261,772348.7245943628,3029827.389104878,844780.1561214223,5.957156080192802,NA,41.46813990455377,0.35348392489706437,6169542.544156845,-8204467.91774728,4134617.1705664103,4134617.1705664103,Sellers
GIN,NW,39534.766829513756,646016.27490234375,42594.56174145579,59823.54476889516,9589088.894114029,64447.92552749246,1323.1677637328205,NA,89.32093389761239,0.8707228429952237,1812212.593186823,7130860.026024862,10755285.212398509,7130860.026024862,Buyers
FRA,NW,450926.74264343927,3637303.0688476562,504413.7993986174,423645.18813453807,2786889.9534092955,473999.6705982432,26.710491710590215,NA,89.32093389761239,0.8707228429952237,2436813.9269136735,-3287227.0423520342,1586400.8114753128,1586400.8114753128,Sellers
GNB,NW,48544.018788485264,366638.318359375,51490.41907644626,68466.72216952346,7910748.308225504,72800.89081654619,735.9334392169665,NA,89.32093389761239,0.8707228429952237,1779514.4717594518,5764595.518106678,9323624.461625582,5764595.518106678,Buyers
MDG,SE,819864.0229490031,5377075.098144531,893596.7201439346,768537.4870506626,4296288.12034775,838112.1339278534,12.446963669158789,NA,41.46813990455377,0.35348392489706437,2128415.971448486,-3209202.949245267,1047628.9936517053,1047628.9936517053,Sellers
VIR,NW,31711.67988555512,155928.21923828125,35289.10738796718,26321.73003163349,87455.05668822973,29360.59135272153,5.270562974361952,NA,89.32093389761239,0.8707228429952237,481435.3546135794,-549908.5171636309,412962.1920635279,412962.1920635279,Sellers
DMA,NW,23939.961096327053,89907.1953125,26689.806419683417,20862.760759253106,70220.25769681612,23260.26976578393,4.897790485998896,NA,89.32093389761239,0.8707228429952237,274858.40789749264,-294545.3455131765,255171.47028180875,255171.47028180875,Sellers
KIR,SW,1163665.520857982,4725783.283691406,1359330.0552376169,1068840.4187760882,4236777.041404893,1246609.8719071972,5.000033519476457,NA,5.374912917979984,0.4815189528371904,509676.6661287424,-998682.908415256,20670.42384222895,20670.42384222895,Sellers
KIR,NW,472988.2452274255,2847702.1787109375,515855.93655664433,346092.3702406873,1291193.5365265603,377153.26035386283,4.808559557081404,NA,89.32093389761239,0.8707228429952237,11334458.061570128,-12890966.703754505,9777949.419385752,9777949.419385752,Sellers
NRU,NE,101611.92970417341,750270.4736328125,123060.72578417891,72144.47008996311,251136.3550806621,87396.32220851605,4.095187572550743,NA,520.2714292104168,0.40296454202382836,15331077.328685429,-15830211.44723758,14831943.210133279,14831943.210133279,Sellers
MHL,NE,1601663.6008541803,15076071.439941406,1866459.6069749543,1135534.929480986,4272195.763966807,1329723.360479697,4.411574340174694,NA,520.2714292104168,0.40296454202382836,242513430.05128452,-253317305.72725913,231709554.3753099,231709554.3753099,Sellers
PLW,NE,483952.03205098613,5299785.6650390625,589949.5245929465,343605.9427562001,1345559.1292927403,420521.87438144034,4.66724714491393,NA,520.2714292104168,0.40296454202382836,73018060.46149112,-76972286.99723744,69063833.9257448,69063833.9257448,Sellers
ECU,SW,56260.42822164984,248287.5791015625,61460.32185782236,368901.9825495049,8868101.188601546,409346.1165493312,37.73115606496855,NA,5.374912917979984,0.4815189528371904,1680421.1290541291,6939392.480445854,10300234.738554113,6939392.480445854,Buyers
WLF,SE,2313.546450898754,6651.80712890625,2995.8759605716064,1642.6179801381152,4722.783061523437,2127.0719320058406,2.8751560731889314,NA,41.46813990455377,0.35348392489706437,27822.15569145048,-29751.179758833292,25893.131624067668,25893.131624067668,Sellers
NRU,SE,130952.17424200287,888309.10107421875,163003.40168697442,107264.98647306154,424956.29583941796,133564.04305249066,4.829968944616929,NA,41.46813990455377,0.35348392489706437,982263.6163478943,-1445616.421582695,518910.8111130935,518910.8111130935,Sellers
SLB,SE,904545.8641171094,6818208.772906722,1100431.4918819244,805153.0090247468,5149228.734751623,977639.6384990809,8.644627155005463,NA,41.46813990455377,0.35348392489706437,4121636.8204831327,-5790616.858638231,2452656.7823280343,2452656.7823280343,Sellers
LCA,NW,2633.169303797879,8601.0927734375,2989.645503584728,5746.759140253956,1055063.830885978,6394.870246132202,576.0765512586053,NA,89.32093389761239,0.8707228429952237,278108.751966371,768353.9861461695,1324571.4900789114,768353.9861461695,Buyers
ECU,NW,392799.5098262227,10629790.864257812,433532.1883748023,309332.24455385224,7020966.998253001,341142.0257346237,35.06310817689186,NA,89.32093389761239,0.8707228429952237,7455374.0840078825,-11064197.950012695,3846550.218003071,3846550.218003071,Sellers
IRN,NE,29403.161416536183,2053624.6948242188,36439.34147320415,86732.87278093207,73591928.17404753,106723.6692031797,1693.4898283245375,NA,520.2714292104168,0.40296454202382836,29827010.867774926,41711292.611448385,101365314.34699824,41711292.611448385,Buyers
BRN,NE,21622.586091813624,2589242.7939453125,27515.872588431033,25853.10510111956,5242858.80667323,32690.505220324976,632.9641074984895,NA,520.2714292104168,0.40296454202382836,2201018.171273436,452597.84145448124,4854634.184001353,452597.84145448124,Buyers
FSM,NE,2106806.124338993,33120402.109375,2626787.879949906,1495832.3482806848,9995341.764701188,1870730.7169218985,8.986675272581115,NA,520.2714292104168,0.40296454202382836,317872199.6799411,-340997260.02461493,294747139.3352673,294747139.3352673,Sellers
CIV,NW,129635.63041309432,2051085.8515625,144422.6892057274,108122.71886282515,682625.0869528257,121328.93043851688,40.95618556621953,NA,89.32093389761239,0.8707228429952237,1921553.3505267748,-3290014.115136449,553092.5859171004,553092.5859171004,Sellers
SEN,NW,99171.93765361136,751717.271484375,107674.46486895237,93453.33593710931,637675.2700393592,101205.5549071823,14.93149971097814,NA,89.32093389761239,0.8707228429952237,510790.845906452,-624832.8473514677,396748.8444614362,396748.8444614362,Sellers
MSR,NW,2639.4597188736348,10560.8984375,2955.1053658909836,3815.4646352723375,929772.80232573,4222.754050005142,781.6395076843266,NA,89.32093389761239,0.8707228429952237,105041.85740091572,814170.0464873143,1024253.7612891457,814170.0464873143,Buyers
KIR,NE,388722.74385603593,16157692.258789062,451935.60536149493,275993.1481377855,2195058.354666846,323603.08261654107,11.028866891581831,NA,520.2714292104168,0.40296454202382836,58649987.87864664,-72612621.78276886,44687353.97452442,44687353.97452442,Sellers
GNQ,NE,45684.68013612496,1582508.1279296875,55355.6369515637,37007.01734301678,720734.4740603621,43732.77593679976,75.9703292300539,NA,520.2714292104168,0.40296454202382836,4514740.0235764515,-5376513.677445777,3652966.369707126,3652966.369707126,Sellers
MRT,NW,98711.00542148451,1137708.5419921875,117106.87272644759,89749.68980949787,821084.3840786293,105503.12420232224,28.015169907837226,NA,89.32093389761239,0.8707228429952237,800433.0794139012,-1117057.2373274593,483808.921500343,483808.921500343,Sellers
MYS,NE,40733.06760138509,3913861.6953125,51962.436725772015,280639.0168214426,669765586.4181412,346338.92459728656,5542.475720482798,NA,520.2714292104168,0.40296454202382836,124816211.076801,541035513.6460278,790667935.7996297,541035513.6460278,Buyers
KNA,NW,5315.733607170318,56325.7958984375,5895.046496741617,5728.411275235183,217012.91704180546,6335.801193713751,389.3768274325685,NA,89.32093389761239,0.8707228429952237,36860.754710242676,123826.36643312528,197547.87585361063,123826.36643312528,Buyers
YEM,NE,357301.21535206935,13401387.217773438,414451.6842435544,315781.501007632,3701370.842113719,364631.49746495934,40.3452822645756,NA,520.2714292104168,0.40296454202382836,21601521.122388665,-31301537.498048384,11901504.746728946,11901504.746728946,Sellers
FSM,SE,23889.95281598191,161198.9462890625,30771.233184352004,18660.895882930712,117407.02505289757,24052.351892247287,7.445863306274936,NA,41.46813990455377,0.35348392489706437,216839.2644686439,-260631.18570480883,173047.34323247898,173047.34323247898,Sellers
OMN,NE,376352.50774915784,31817813.897460938,440377.6989756661,316054.93599716976,21191922.892136246,366033.9058088613,100.36907189198189,NA,520.2714292104168,0.40296454202382836,31371103.8333245,-41996994.83864919,20745212.827999808,20745212.827999808,Sellers
STP,NE,91541.08747822992,4090094.8994140625,101524.23756631748,68904.21536230228,634354.2476920577,76388.96532298291,14.529150906803242,NA,520.2714292104168,0.40296454202382836,11777317.808607109,-15233058.460329114,8321577.156885104,8321577.156885104,Sellers
GMB,NW,11241.099909164332,160241.369140625,11983.503842286425,11772.373560246811,1429748.6086924153,12564.032106259738,2389.5543040110206,NA,89.32093389761239,0.8707228429952237,47453.85866988137,1222053.3808819088,1316961.0982216718,1222053.3808819088,Buyers
CPV,NW,666314.1297989244,9043144.142578125,718113.2913848085,514162.4767313713,5429832.235426733,553439.0911797112,13.01495446042964,NA,89.32093389761239,0.8707228429952237,13590327.746059366,-17203639.65321076,9977015.838907974,9977015.838907974,Sellers
KOR,NE,79499.04212769195,4294224.5771484375,94472.42704419594,194240.62175846283,153904781.25205874,236851.37965839866,2029.665665041107,NA,520.2714292104168,0.40296454202382836,59696765.62436202,89913791.05054829,209307322.29927233,89913791.05054829,Buyers
STP,SE,22593.29145397736,264435.314453125,24616.521010888704,16041.236932323922,164175.3490201308,17468.61000365636,13.160232494268174,NA,41.46813990455377,0.35348392489706437,271701.51356618886,-371961.47899918305,171441.54813319465,171441.54813319465,Sellers
CMR,NE,2551.30072659551,21931.537109375,3073.748640436932,7821.122434027243,23222925.36483638,10681.179455428564,5647.885924289487,NA,520.2714292104168,0.40296454202382836,2741737.671409587,20459256.156317417,25942731.499136593,20459256.156317417,Buyers
ITA,NE,232036.91762189852,17829599.337890625,299091.14450509916,314435.02861996385,101739203.9941532,395609.14820339956,1300.9833189455287,NA,520.2714292104168,0.40296454202382836,42869382.97320201,41040221.683060564,126778987.6294646,41040221.683060564,Buyers
THA,NE,51248.85646300164,6359719.12109375,70072.80780698535,153924.13077904418,175929764.6957772,209985.58825245977,2628.8473865219667,NA,520.2714292104168,0.40296454202382836,53419011.712979056,116151033.86170441,222989057.2876625,116151033.86170441,Buyers
ESH,NW,139863.34959094963,2391206.099609375,164720.6343550818,152408.97433538755,4322254.189181407,179845.61030312363,173.72991771223226,NA,89.32093389761239,0.8707228429952237,1120586.9185021904,810461.1710698416,3051635.008074222,810461.1710698416,Buyers
FRO,NW,67053.39880509042,3272340.73828125,82778.71896871878,123440.32126623718,13652226.207514489,148778.4493527671,398.55603574792025,NA,89.32093389761239,0.8707228429952237,5036532.573841886,5343352.895391353,15416418.043075126,5343352.895391353,Buyers
ERI,NE,39268.02613828245,3592629.111328125,56210.26289666492,39634.6440050241,3980994.326008453,56722.66439778976,1059.3188437103538,NA,520.2714292104168,0.40296454202382836,190740.80150375416,197624.41317657387,579106.0161840823,197624.41317657387,Buyers
GRC,NE,254471.91459060655,35027739.1171875,326502.66032203595,267777.2829220205,42092288.14850813,341512.1350525647,543.5129911732264,NA,520.2714292104168,0.40296454202382836,6922402.9979557395,142146.033364892,13986952.029276371,142146.033364892,Buyers
CYP,NE,67594.82201267799,5768778.2109375,88994.34509404757,50583.53105974735,1123251.7339456868,65750.87926271808,67.01573209572669,NA,520.2714292104168,0.40296454202382836,8850488.656795459,-13496015.133787272,4204962.179803645,4204962.179803645,Sellers
MLT,NE,34033.359394545005,4672039.58203125,42844.70182420226,33283.96469544363,4401373.06644551,41899.87435785436,361.18018436787287,NA,520.2714292104168,0.40296454202382836,389888.65114418144,-660555.1667299215,119222.13555844128,119222.13555844128,Sellers
ESP,NE,115159.3260656253,9535143.701171875,137549.12323425367,119852.61222645635,12664132.75339079,143159.83577246056,726.1684015057903,NA,520.2714292104168,0.40296454202382836,2441782.69858904,687206.3536298759,5570771.750807956,687206.3536298759,Buyers
FRA,NE,42082.22549721289,2283293.71484375,54658.97481151502,58230.11781422126,19460805.662299354,74446.42385350214,1337.2615266777198,NA,520.2714292104168,0.40296454202382836,8401287.014505856,8776224.932949748,25578798.96196146,8776224.932949748,Buyers
GAB,NE,10179.664782623327,717248.984375,12308.726050367262,7227.5619956625615,271680.3828763822,8624.377549602323,53.17153616699738,NA,520.2714292104168,0.40296454202382836,1535894.7361481325,-1981463.3376467503,1090326.1346495147,1090326.1346495147,Sellers
VNM,NE,361100.2630271217,54115872.86328125,425248.5107177571,457390.29380609863,157324698.2875872,538884.4137405924,1705.8837774631847,NA,520.2714292104168,0.40296454202382836,50096951.932093345,53111873.4922126,153305777.3563993,53111873.4922126,Buyers
ISR,NE,13931.846681285953,495737.8125,18134.08262100384,14218.566563469423,903550.6960847962,18507.15616432017,1422.3390456188895,NA,520.2714292104168,0.40296454202382836,149172.16288663624,258640.72069815997,556985.0464714324,258640.72069815997,Buyers
LBN,NE,10112.783641279488,247206.453125,12746.455898949069,10036.191493174894,244614.60336131114,12647.59958970766,33.83962753139469,NA,520.2714292104168,0.40296454202382836,39848.706360672746,-42440.55612436161,37256.85659698388,37256.85659698388,Sellers
KHM,NE,12840.093446540493,2992585.8046875,18184.311835215485,21711.849946494956,10624695.872120386,30459.35959701457,1087.816383454084,NA,520.2714292104168,0.40296454202382836,4615721.433838114,3016388.633594772,12247831.501271,3016388.633594772,Buyers
DZA,NE,65471.62986013793,2898485.796875,75668.0122770092,64233.707801598655,2712984.4281443916,74299.42930244387,149.84898883658028,NA,520.2714292104168,0.40296454202382836,644055.4786473304,-829556.8473779388,458554.10991672194,458554.10991672194,Sellers
GHA,NW,100219.08233326889,4092888.87109375,110634.9474585689,95362.27821886099,3714747.280543205,105414.4598288227,68.64179835760373,NA,89.32093389761239,0.8707228429952237,433814.2792566802,-811955.8698072254,55672.68870613491,55672.68870613491,Sellers
CHN,NE,61001.62146491947,7532118.7890625,70170.38187857303,564775.5584036591,3982028534.2753515,678380.4062068388,18390.98796124455,NA,520.2714292104168,0.40296454202382836,262099186.1700765,3712397229.3162127,4236595601.6563654,3712397229.3162127,Buyers
GHA,NE,55255.84718132002,2966156.03125,61413.55899340385,48695.70583668174,1956123.0245421133,53979.18284004302,57.46487846335804,NA,520.2714292104168,0.40296454202382836,3413054.113197307,-4423087.119905194,2403021.1064894204,2403021.1064894204,Sellers
PNG,SE,382661.04853538075,14600597.109375,418434.7747806405,1261099.9673224466,67225537.33506756,1528138.976689198,202.11150523806504,NA,41.46813990455377,0.35348392489706437,36427227.981867,16197712.243825555,89052168.20755956,16197712.243825555,Buyers
PHL,NE,1013484.8269590496,71295400.90625,1219371.3619915375,1174124.7719539,276158987.6582893,1407818.9892786301,1660.863633045903,NA,520.2714292104168,0.40296454202382836,83576373.77075364,121287212.98128568,288439960.52279294,121287212.98128568,Buyers
PNG,NE,184611.92421270517,9287829.7734375,236912.30941518937,131074.46619102068,5540619.294430584,168225.76248669767,44.55245916899848,NA,520.2714292104168,0.40296454202382836,27854009.801234487,-31601220.280241404,24106799.32222757,24106799.32222757,Sellers
DZA,NW,4425.861398448242,208158.5,4953.18395114972,13016.81915921178,4947017.646821663,14284.112805176994,1211.303867127042,NA,89.32093389761239,0.8707228429952237,767352.3702663402,3971506.7765553226,5506211.517088003,3971506.7765553226,Buyers
NOR,NE,153143.2753066205,37385201.79306342,186234.86895728082,435262.92493443645,426882257.0498235,521383.4138217498,2602.11173127838,NA,520.2714292104168,0.40296454202382836,146778793.32020584,242718261.93655428,536275848.5769659,242718261.93655428,Buyers
DEU,NE,1654.266652060436,81302.1796875,1801.8663576870906,26703.735652887015,47534694.183638535,30993.057561256974,3279.2076804280414,NA,520.2714292104168,0.40296454202382836,13032523.038022077,34420868.96592896,60485915.041973114,34420868.96592896,Buyers
SYR,NE,3855.4959674711176,214360.265625,5016.116426306438,6909.694340358112,3545583.217289476,8958.663098230983,2058.6239329980335,NA,520.2714292104168,0.40296454202382836,1589012.1525540461,1742210.79911043,4920235.104218522,1742210.79911043,Buyers
MAR,NW,37216.42254241351,2796454.015625,43787.809602606605,171914.23688063715,144274163.2473789,198660.23484221447,5249.602094323118,NA,89.32093389761239,0.8707228429952237,12031334.570657343,129446374.66109654,153509043.80241123,129446374.66109654,Buyers
GBR,NE,3491.6045283090252,494233.3203125,4214.261888388855,103079.14195137908,256243321.47006086,121084.17872918514,3410.3729770512527,NA,520.2714292104168,0.40296454202382836,51812550.42664653,203936537.72310182,307561638.5763949,203936537.72310182,Buyers
TUR,NE,61046.65076041925,8617161.3515625,95922.86336370569,130834.92186745162,126108670.26670744,198808.38540604067,2561.473362558428,NA,520.2714292104168,0.40296454202382836,36308843.55097977,81182665.36416516,153800352.4661247,81182665.36416516,Buyers
SAU,NE,39474.40926535435,9428326.515625,56768.5198078089,115529.10687696344,473711720.2189473,158199.7823664984,9371.938899004055,NA,520.2714292104168,0.40296454202382836,39569086.22455794,424714307.47876436,503852479.9278802,424714307.47876436,Buyers
NOR,NW,0,0,0,761.3494853483916,74320.453671875,968.9491123246012,97.61673857028504,NA,89.32093389761239,0.8707228429952237,68004.4470537849,6316.006618090105,142324.9007256599,6316.006618090105,Buyers
FIN,NE,59860.00185878643,17378916.078125,75154.85334194188,42129.27437678364,10189516.86133521,52214.003065868434,337.42926424689404,NA,520.2714292104168,0.40296454202382836,9224790.928002011,-16414190.1447918,2035391.7112122215,2035391.7112122215,Sellers
SWE,NE,77744.29767801642,23377944.84375,95600.44512220725,85402.6281761731,27924813.374046106,106009.80381480773,714.4781726378959,NA,520.2714292104168,0.40296454202382836,3984410.5536416974,562457.9766544085,8531279.083937805,562457.9766544085,Buyers
MNE,NE,3776.0757773260257,994159.5625,4598.461539195026,5446.43388890321,2701484.1521257805,6598.124943580056,1022.1308698969306,NA,520.2714292104168,0.40296454202382836,869039.6020034745,838284.987622306,2576364.191629255,838284.987622306,Buyers
SDN,NE,7654.726798785384,2302267.375,11551.364584443772,34641.56969309355,157640408.61928782,47898.611737422965,8822.098108650423,NA,520.2714292104168,0.40296454202382836,14040483.322498692,141297657.92178914,169378624.5667865,141297657.92178914,Buyers
DNK,NE,3082.3159661197387,1080705.125,3493.8792953315674,53302.36875664217,102256619.6937467,64410.98223994839,3321.3106041249166,NA,520.2714292104168,0.40296454202382836,26128058.640347686,75047855.92839901,127303973.20909439,75047855.92839901,Buyers
EST,NE,24769.20313323161,9244208.15625,28666.217892791054,21092.019231149618,7482050.288612059,24325.058123014333,465.7657596125285,NA,520.2714292104168,0.40296454202382836,1913133.7242057363,-3675291.5918436768,150975.8565677954,150975.8565677954,Sellers
TUN,NE,9930.38620019802,3807749.5625,12339.756341797238,55156.54939746245,61195148.24029213,65980.12260704515,2093.49616662598,NA,520.2714292104168,0.40296454202382836,23529880.564344317,33857518.113447815,80917279.24213645,33857518.113447815,Buyers
ALB,NE,3941.766733012245,1196669.875,4651.543922695741,6915.405549785679,3803889.507688991,8273.203829500786,906.3506872167219,NA,520.2714292104168,0.40296454202382836,1547099.3171582874,1060120.3155307034,4154318.949847278,1060120.3155307034,Buyers
DJI,NE,2243.260082595031,710297.8125,3013.203979319116,3248.1135631208576,2120218.009095971,4309.447307848704,1403.1102284267135,NA,520.2714292104168,0.40296454202382836,522796.5564602337,887123.6401357374,1932716.7530562046,887123.6401357374,Buyers
LVA,NE,17195.050834724323,7404836.125,19933.215738891864,19910.023471136996,8855092.7681983,23453.893578477535,577.1472752039014,NA,520.2714292104168,0.40296454202382836,1412522.6938135945,37733.94938470563,2862779.337011894,37733.94938470563,Buyers
QAT,NE,4654.888810026743,1842708.25,5535.167327435991,21949.752014484235,20496369.71308677,25535.65206469817,3173.7677259860498,NA,520.2714292104168,0.40296454202382836,8998023.197381748,9655638.265705021,27651684.66046852,9655638.265705021,Buyers
BLM,NW,0,0,0,3871.314184021606,1803104.1078165025,4180.766594199773,603.1078686449636,NA,89.32093389761239,0.8707228429952237,345789.3983278831,1457314.7094886194,2148893.506144386,1457314.7094886194,Buyers
HRV,NE,3592.742453667228,1659883.75,4562.603076797342,37137.369670749395,53667819.20623397,42939.07868721851,1985.9617003401927,NA,520.2714292104168,0.40296454202382836,17452311.144561987,34555624.31167199,69460246.60079595,34555624.31167199,Buyers
LTU,NE,0,0,0,4277.976137482908,3567662.1294420147,4805.582330274169,950.492561969564,NA,520.2714292104168,0.40296454202382836,2225708.759176291,1341953.3702657237,5793370.888618305,1341953.3702657237,Buyers
POL,NE,0,0,0,14463.703600116325,13173165.004299767,16913.304587822888,1103.7030032054242,NA,520.2714292104168,0.40296454202382836,7525051.743708372,5648113.260591395,20698216.74800814,5648113.260591395,Buyers
ARE,NE,0,0,0,28640.58296588547,47922833.75795178,33644.45159296366,2403.948265780252,NA,520.2714292104168,0.40296454202382836,14900877.033080753,33021956.72487103,62823710.79103254,33021956.72487103,Buyers
NLD,NE,0,0,0,36270.7189675021,117138018.05685644,44956.27780443581,4083.2131477689804,NA,520.2714292104168,0.40296454202382836,18870618.795711692,98267399.26114474,136008636.85256812,98267399.26114474,Buyers
GGY,NW,0,0,0,2364.620203738884,5717787.369987624,2825.6487453334416,2479.240060624573,NA,89.32093389761239,0.8707228429952237,211210.0849111196,5506577.285076505,5928997.454898743,5506577.285076505,Buyers
BEL,NE,0,0,0,2449.3253044121716,7093476.2670950815,2738.5700108163733,3157.54526544911,NA,520.2714292104168,0.40296454202382836,1274313.9767277597,5819162.290367322,8367790.243822841,5819162.290367322,Buyers
KWT,NE,0,0,0,6425.339425939639,43799193.66538027,7660.88925515263,9778.126721658242,NA,520.2714292104168,0.40296454202382836,3342920.5262956554,40456273.139084615,47142114.191675924,40456273.139084615,Buyers
BHR,NE,0,0,0,4832.296389141206,44780912.29741151,5636.697673912649,18011.41791513357,NA,520.2714292104168,0.40296454202382836,2514105.748746832,42266806.548664674,47295018.04615834,42266806.548664674,Buyers
IRQ,NE,0,0,0,1357.0773495317553,16283708,1898.4574370769997,11999.100866003337,NA,520.2714292104168,0.40296454202382836,706048.5721899708,15577659.42781003,16989756.57218997,15577659.42781003,Buyers
SGP,NE,0,0,0,1651.1216325112466,28242936.639999997,2184.3443894056413,17105.3035002905,NA,520.2714292104168,0.40296454202382836,859031.4115468629,27383905.228453133,29101968.05154686,27383905.228453133,Buyers
