iso3,global,mkt_tb,mkt_tc,mkt_area,bau_tb,bau_tc,bau_area,mc_stop,pct_protected,trading_price,pixel_fraction,rect,mkt_tc_b,mkt_tc_s,savings,transaction
NZL,Global,1895306.3480884803,1494912.6076143328,2222880.2854718724,948129.5259812074,255976.24199316668,1130754.2816566164,0.5377229091310836,NA,2.7775923663750173,0.5914087461543565,2630871.110692509,-3869807.476313675,1391934.745071343,1391934.745071343,Sellers
ATF,Global,385685.4115140926,531419.6737166494,451722.276381408,272969.14385290956,266077.0273560152,319407.59884442604,2.0378791603214133,NA,2.7775923663750173,0.5914087461543565,313079.8446219852,-578422.4909826193,47737.19826135103,47737.19826135103,Sellers
HMD,Global,82859.88857314043,16062.727918810211,97745.43915976008,21285.53685722223,2.4024925975399136,25639.389843716515,3.7604249318766696e-4,NA,2.7775923663750173,0.5914087461543565,171028.44929062485,-187088.7747168375,154968.1238644122,154968.1238644122,Sellers
CAN,Global,1970983.3441773397,1201509.6252888627,2473591.744711969,1293380.0645124433,116365.04732129443,1646713.6049484657,0.6679936169550943,NA,2.7775923663750173,0.5914087461543565,1882105.6970278923,-2967250.2749954606,796961.119060324,796961.119060324,Sellers
ARG,Global,36544.916204644425,10171.74902125448,43307.147321279335,258670.06127528477,146400264.2479236,306852.9510650101,1000.7665742071318,NA,2.7775923663750173,0.5914087461543565,616973.1073281539,145773119.3915742,147007065.6062305,145773119.3915742,Buyers
IRL,Global,49056.613450748875,26590.86980213225,57495.83455491647,99605.94478227662,958482.8550411176,116461.76106109505,60.47471347914632,NA,2.7775923663750173,0.5914087461543565,140405.43683181296,791486.5484071724,1072297.4220707985,791486.5484071724,Buyers
RUS,Global,1080404.5943860286,924433.1056173071,1371983.4628819593,1666820.0950615506,5410507.051422875,2121527.376693344,10.68935191214249,NA,2.7775923663750173,0.5914087461543565,1628823.2182003139,2857250.7276052544,6114897.164005882,2857250.7276052544,Buyers
PCN,Global,321172.5116052537,44896.86315205693,420763.1787450595,123516.93790898367,2140.2312329206293,161557.62496511178,0.039569323446730226,NA,2.7775923663750173,0.5914087461543565,549006.6126702342,-591763.2445893704,506249.98075109784,506249.98075109784,Sellers
PYF,Global,2685169.02338566,4595229.600324929,3203863.0286721536,1185626.348554793,1273764.172084715,1426088.199422949,1.8382994374257622,NA,2.7775923663750173,0.5914087461543565,4165118.2866637902,-7486583.714904004,843652.8584235765,843652.8584235765,Sellers
SJM,Global,82634.20816224537,59709.61705817282,103149.97622202616,110155.60827724205,185699.79774337268,137083.82833945812,7.335607110223928,NA,2.7775923663750173,0.5914087461543565,76443.2308713673,49546.94981383256,202433.41155656715,49546.94981383256,Buyers
GRL,Global,62729.98249173894,53810.62496662885,76175.986002755,375843.57606966415,7142898.534640439,458724.3348605979,54.85319844387173,NA,2.7775923663750173,0.5914087461543565,869701.9273302947,6219385.982343515,7958789.837004105,6219385.982343515,Buyers
TKL,Global,196095.47816453254,9946.542071163654,249465.59882397376,85595.98057752557,151.6115765625501,108695.05216995628,0.003621134922093645,NA,2.7775923663750173,0.5914087461543565,306922.5609859452,-316717.4914805463,297127.63049134414,297127.63049134414,Sellers
UKR,Global,14471.764045998832,406.02729469537735,24416.704639884418,28827.784170360082,453293.8612379588,47562.01639139456,79.95869013954992,NA,2.7775923663750173,0.5914087461543565,39875.17190895193,413012.66203431145,492763.00585221534,413012.66203431145,Buyers
ISL,Global,112937.05929633774,32625.818248689175,136890.38374455427,173264.88353437957,574745.9821065658,209057.36047836486,17.59719889939863,NA,2.7775923663750173,0.5914087461543565,167566.1040835987,374554.05977427796,709686.2679414754,374554.05977427796,Buyers
ZAF,Global,873087.1888729343,132387.2807033062,981093.0434358156,378604.73959329183,1122.273266365268,433531.0558898355,0.00737933278923721,NA,2.7775923663750173,0.5914087461543565,1373470.6764255567,-1504735.6838624976,1242205.6689886157,1242205.6689886157,Sellers
NIU,Global,235571.11515510868,8773.146275520325,286997.4355283747,88711.59176785716,201.77094598620144,108100.24606029167,0.0037057923122138466,NA,2.7775923663750173,0.5914087461543565,407915.8910899032,-416487.2664194373,399344.5157603691,399344.5157603691,Sellers
WLF,Global,110034.72317041866,46122.21470952034,140744.4992530645,53063.78755170968,3250.651123163132,67693.01860099647,0.16988345773969118,NA,2.7775923663750173,0.5914087461543565,158242.0358797686,-201113.59946612583,115370.4722934114,115370.4722934114,Sellers
NAM,Global,251009.60420621152,26936.875906944275,299520.6066497568,144588.3928929054,716.6121852552059,169626.14688133606,0.007566775136467999,NA,2.7775923663750173,0.5914087461543565,295594.7441642217,-321815.00788591075,269374.48044253263,269374.48044253263,Sellers
GEO,Global,1464.9214311502308,2.7752718925476074,2281.301538398671,4961.675021104358,269107.17930336506,7432.867006042023,78.71658352330363,NA,2.7775923663750173,0.5914087461543565,9712.55607855102,259391.8479529215,278816.96011002356,259391.8479529215,Buyers
BMU,Global,314281.04839773296,15339.305366516113,351072.2991051022,113013.33679398004,1628.0668758484137,126202.79025762383,0.019624949610187042,NA,2.7775923663750173,0.5914087461543565,559039.6593483526,-572750.8978390202,545328.4208576849,545328.4208576849,Sellers
MNP,Global,377222.2822539698,438139.03114271164,432933.11482221883,207532.15037428067,56645.90528221963,232143.1957823616,1.624878045960214,NA,2.7775923663750173,0.5914087461543565,471330.0149581945,-852823.1408186865,89836.88909770251,89836.88909770251,Sellers
TWN,Global,52108.24339575049,10801.326545715332,58227.338375014784,104191.15222983621,464767.3373201183,115622.13443626346,16.86721865063134,NA,2.7775923663750173,0.5914087461543565,144665.08999616245,309300.92077824054,598631.1007705654,309300.92077824054,Buyers
SHN,Global,1229088.4912202212,166430.49947166443,1368891.2782284422,461027.80970048584,17493.215864732476,508065.8537017537,0.11070880454269247,NA,2.7775923663750173,0.5914087461543565,2133359.4859020105,-2282296.7695089425,1984422.2022950784,1984422.2022950784,Sellers
CHL,Global,511596.886965737,399040.00182724,654825.1758713657,540141.2419113925,479708.62080981856,687932.031570957,2.869945708085618,NA,2.7775923663750173,0.5914087461543565,79284.58240015186,1384.0365824267064,159953.20138273045,1384.0365824267064,Buyers
BHS,Global,230199.16910065056,14508.583093643188,279995.31196494575,165058.73184598231,2475.701338865317,200096.29629071365,0.024036487924140208,NA,2.7775923663750173,0.5914087461543565,180933.5812608973,-192966.46301567517,168900.69950611945,168900.69950611945,Sellers
JAM,Global,169722.1882720235,27454.159682273865,191944.5521021337,74772.10309601879,1051.03782380448,84189.82093397007,0.02515633971516089,NA,2.7775923663750173,0.5914087461543565,263732.63177152834,-290135.7536299977,237329.50991305895,237329.50991305895,Sellers
AIA,Global,57896.77814238075,1591.1785192489624,69394.10023539259,26583.796214668553,318.0701252461165,31849.11943337162,0.017223542043964427,NA,2.7775923663750173,0.5914087461543565,86974.69957085226,-88247.8079648551,85701.59117684941,85701.59117684941,Sellers
CRI,Global,368779.58662840765,110456.8035440445,427628.2924814032,165432.0622485034,3014.8088070021686,188980.0908582144,0.08047036801727388,NA,2.7775923663750173,0.5914087461543565,564816.5314388797,-672258.526175922,457374.5367018373,457374.5367018373,Sellers
TCA,Global,48354.28424750721,5197.58731174469,62311.567126412665,23722.905693749435,295.24333393694354,30507.182340160005,0.015761220246620643,NA,2.7775923663750173,0.5914087461543565,68415.9290442109,-73318.27302201865,63513.58506640316,63513.58506640316,Sellers
CYM,Global,88798.30546558768,4661.409663200378,107635.82052165201,31751.34767510133,363.88107497064277,37407.38414346616,0.016846587777414483,NA,2.7775923663750173,0.5914087461543565,158453.1944837727,-162750.72307200244,154155.66589554297,154155.66589554297,Sellers
ATG,Global,67926.48769646337,4549.773719787598,78662.45326122029,31901.487066297126,370.34561296571746,37110.7090275575,0.014353766000552461,NA,2.7775923663750173,0.5914087461543565,100062.76674900496,-104242.19485582685,95883.33864218308,95883.33864218308,Sellers
DOM,Global,187130.25763564135,209505.4221391678,218767.07839736223,66653.79737151612,39078.27437746602,80360.5087874935,1.056024745036022,NA,2.7775923663750173,0.5914087461543565,334634.4963575173,-505061.6441192191,164207.34859581554,164207.34859581554,Sellers
COG,Global,10913.715818272747,1385.0984649658203,12244.533205329279,8068.136724759654,714.6129426983512,8787.731546748793,0.17377735363813568,NA,2.7775923663750173,0.5914087461543565,7903.8587680583105,-8574.34429032578,7233.373245790841,7233.373245790841,Sellers
GAB,Global,34084.41074661444,73366.49099349976,36815.20661810796,61100.309344962094,160681.85725287587,66212.91035874104,3.822898061272488,NA,2.7775923663750173,0.5914087461543565,75039.15371753197,12276.212541844143,162354.51997690808,12276.212541844143,Buyers
HTI,Global,63379.48903875467,12779.465953826904,73395.53249528515,28548.39701381749,326.95799467676915,31852.892062455958,0.014355011080658548,NA,2.7775923663750173,0.5914087461543565,96746.57532097127,-109199.08328012141,84294.06736182113,84294.06736182113,Sellers
AUS,Global,2382228.6736894064,683997.6490478516,2698168.7363651227,1362451.783958212,157353.75772603348,1543362.6990458916,0.19819335975723046,NA,2.7775923663750173,0.5914087461543565,2832524.5043230234,-3359168.3956448417,2305880.6130012055,2305880.6130012055,Sellers
USA,Global,1545560.0535832117,3003010.442328453,1779451.4521912248,2017763.460452666,4461555.4836676605,2310841.503112679,3.4087976217789473,NA,2.7775923663750173,0.5914087461543565,1311588.5782968728,146956.46304233465,2770133.61963608,146956.46304233465,Buyers
HND,Global,91652.87926642365,32689.604829788208,108568.64429237676,56549.855439800485,2679.90057513039,67650.43238555152,0.1501280049467285,NA,2.7775923663750173,0.5914087461543565,97501.89101750885,-127511.59527216667,67492.18676285104,67492.18676285104,Sellers
CUW,Global,21775.36848736173,10351.209657669067,23934.49601324866,10339.694964597751,140.55158296044146,11329.462868245908,0.01716936881571969,NA,2.7775923663750173,0.5914087461543565,31763.639481186132,-41974.29755589476,21552.981406477506,21552.981406477506,Sellers
CUB,Global,156725.33733537246,83759.74105644226,194810.76445986342,95766.48330075116,16770.14337233376,121304.49197305135,0.23461810978490172,NA,2.7775923663750173,0.5914087461543565,169318.84762953303,-236308.44531364154,102329.24994542453,102329.24994542453,Sellers
GBR,Global,9774.535490332675,3475.7293968200684,11543.887668846828,203343.16269344965,148072877.46981654,240196.96957649384,1914.1430733747395,NA,2.7775923663750173,0.5914087461543565,537654.7412890692,147531746.99913064,148607056.4817088,147531746.99913064,Buyers
TON,Global,413651.03701373993,75527.78381156921,480252.59889866784,173675.27422702772,2925.2280892741646,198028.9838316291,0.020377766331390764,NA,2.7775923663750173,0.5914087461543565,666554.8468313938,-739157.4025536889,593952.2911090987,593952.2911090987,Sellers
GUY,Global,60503.42600763715,10488.786947250366,69870.78039486002,40785.62059646652,939.6044982226213,46998.788886620314,0.046801114961476105,NA,2.7775923663750173,0.5914087461543565,54768.02579173555,-64317.20824076329,45218.843342707805,45218.843342707805,Sellers
BRB,Global,119635.41396296886,17435.555751800537,134752.41557986516,55245.391822979116,1139.84178783996,62058.91888707058,0.025029774274337085,NA,2.7775923663750173,0.5914087461543565,178849.23396675385,-195144.94793071444,162553.52000279326,162553.52000279326,Sellers
ABW,Global,18967.8236221127,15467.637027740479,20874.506777376944,9329.010664854748,185.30504396240966,10281.214717079973,0.026830104192047018,NA,2.7775923663750173,0.5914087461543565,26772.693290996296,-42055.025274774365,11490.361307218227,11490.361307218227,Sellers
BLZ,Global,7006.445836806402,4554.187786102295,8818.930115120478,9909.388999721268,18832.322076954166,12319.475258966304,7.954837015672614,NA,2.7775923663750173,0.5914087461543565,8063.192769332879,6214.941521518992,22341.32706018475,6214.941521518992,Buyers
VGB,Global,47079.33532339961,11719.362735748291,57666.57582658048,21018.378369286245,550.6122729077538,25773.196730217347,0.029277671934616056,NA,2.7775923663750173,0.5914087461543565,72386.7150961732,-83555.46555901374,61217.96463333266,61217.96463333266,Sellers
ROU,Global,2898.9105188375142,1863.0210723876953,4452.942490943764,8632.73046628471,54088.470332218654,12424.374909891174,13.077473891907207,NA,2.7775923663750173,0.5914087461543565,15926.214516198132,36299.23474363283,68151.66377602909,36299.23474363283,Buyers
COK,Global,1348811.3596704246,202161.84746551514,1674368.2549909803,512481.99128586345,27731.580907574044,636313.2681598765,0.07005499289911304,NA,2.7775923663750173,0.5914087461543565,2322982.069400197,-2497412.335958138,2148551.8028422557,2148551.8028422557,Sellers
BGR,Global,4207.5022470747535,121.01182174682617,6753.038488163048,7048.080531036681,44064.907729490435,11113.201159024315,24.502403671797136,NA,2.7775923663750173,0.5914087461543565,7889.968557623297,36053.92735012031,51833.8644653669,36053.92735012031,Buyers
TTO,Global,26448.11018587064,12816.310317993164,30184.099058182917,20953.61105616478,7464.522391582662,23890.91156042478,0.6825910502231266,NA,2.7775923663750173,0.5914087461543565,15261.478839725169,-20613.26676613567,9909.690913314666,9909.690913314666,Sellers
EGY,Global,63162.912675956664,35043.77861022949,80851.63852171563,65124.52414462278,41585.622104760456,83278.66874249458,3.3349333438488538,NA,2.7775923663750173,0.5914087461543565,5448.557041160692,1093.2864533702714,11990.400535691657,1093.2864533702714,Buyers
IDN,Global,903283.4732857501,175450.77696990967,1108097.753282017,1652445.9696184807,11047520.773920285,1988312.1852241924,18.68937580703761,NA,2.7775923663750173,0.5914087461543565,2080868.030988244,8791201.96596213,12952938.02793862,8791201.96596213,Buyers
SUR,Global,49533.60883687766,19528.446632385254,57849.87070346749,36400.41753094716,2856.081376387373,42138.21557615543,0.13219727063114695,NA,2.7775923663750173,0.5914087461543565,36478.65191749531,-53151.01717349319,19806.286661497426,19806.286661497426,Sellers
AGO,Global,186975.3345367324,76913.135597229,204580.0924887428,142307.85051779324,29826.181226941513,154095.74638356763,0.428986140753851,NA,2.7775923663750173,0.5914087461543565,124068.06263618352,-171155.017006471,76981.10826589602,76981.10826589602,Sellers
URY,Global,31126.081295632463,12212.745567321777,37154.94764699152,33770.563266817044,38525.02532802978,40306.42740017583,27.879800838333278,NA,2.7775923663750173,0.5914087461543565,7345.292936178651,18966.986824529347,33657.57269688665,18966.986824529347,Buyers
SOM,Global,480836.4465868146,88204.03619384766,532216.180653348,233761.5375920536,18053.39867323254,254374.7673606331,0.10475665458763972,NA,2.7775923663750173,0.5914087461543565,686273.3811466503,-756424.0186672654,616122.7436260352,616122.7436260352,Sellers
COL,Global,498642.40421379934,303015.4778289795,563735.865438049,210585.7805041895,55066.64738685622,232679.38895280653,0.4089390351622711,NA,2.7775923663750173,0.5914087461543565,800103.8790995731,-1048052.7095416964,552155.0486574499,552155.0486574499,Sellers
MUS,Global,1242799.5739688096,483682.26902008057,1405799.940431423,548420.9120364977,85885.54280464794,621893.1027412224,0.33781621453423205,NA,2.7775923663750173,0.5914087461543565,1928700.870756888,-2326497.5969723207,1530904.1445414554,1530904.1445414554,Sellers
NFK,Global,256399.91862118233,78833.73332214355,287459.8534530347,77969.13899689805,5154.022831956336,87419.92478707632,0.08430640988945372,NA,2.7775923663750173,0.5914087461543565,495607.97141075495,-569287.6819009422,421928.26092056773,421928.26092056773,Sellers
SLE,Global,86786.12198683349,16500.10161590576,97871.24439407677,49139.49555362798,3304.6950423002277,55772.180144975406,0.09006927569079728,NA,2.7775923663750173,0.5914087461543565,104566.98220064356,-117762.38877424909,91371.57562703802,91371.57562703802,Sellers
CXR,Global,183832.10117065118,34420.24887084961,204984.31591682535,99671.87184985838,13752.001501689996,111232.92524336104,0.18708169884962916,NA,2.7775923663750173,0.5914087461543565,233762.810513805,-254431.0578829646,213094.56314464536,213094.56314464536,Sellers
CCK,Global,342299.78612725355,65494.30990600586,388155.0695562728,134569.9372923092,17115.559527609013,152852.76041545285,0.16052662521645694,NA,2.7775923663750173,0.5914087461543565,576988.8423921778,-625367.5927705746,528610.092013781,528610.092013781,Sellers
PRT,Global,292107.2520704481,467713.7081756592,330864.83267867373,424129.57026005426,924680.7936833926,479950.64065364935,4.173183320622085,NA,2.7775923663750173,0.5914087461543565,366704.1831945836,90262.90231314983,823671.268702317,90262.90231314983,Buyers
PAN,Global,140100.45238341342,172327.49070739746,173137.7953012074,87250.28775472564,62486.044030069694,108487.32577876728,1.5336535882050464,NA,2.7775923663750173,0.5914087461543565,146796.21383430614,-256637.6605116339,36954.76715697837,36954.76715697837,Sellers
IND,Global,96136.45097665382,124343.65760803223,114673.24413519539,634122.8740022761,3844901.391280352,758149.5580589101,10.156966247211727,NA,2.7775923663750173,0.5914087461543565,1494306.9818093693,2226250.7518629506,5214864.715481689,2226250.7518629506,Buyers
VUT,Global,367660.76711872936,170375.17112731934,418296.7428450347,180780.38711029038,35244.76250291164,206051.3729347011,0.26543273349579605,NA,2.7775923663750173,0.5914087461543565,519077.5169367025,-654207.9255611101,383947.10831229476,383947.10831229476,Sellers
KEN,Global,65711.63577795016,15018.290283203125,70642.70952536562,32928.65660176752,3684.5779503751464,35269.61736534861,0.13678607005430238,NA,2.7775923663750173,0.5914087461543565,91057.75270679603,-102391.46503962402,79724.04037396805,79724.04037396805,Sellers
NIC,Global,68703.18924919306,32023.2734375,81196.59376593387,58753.67279309913,21139.661415276947,69620.0212181,1.0293469106923083,NA,2.7775923663750173,0.5914087461543565,27635.700957569115,-38519.31297979217,16752.088935346062,16752.088935346062,Sellers
JPN,Global,718287.529186394,604833.9394836426,779900.6365404028,1028800.836381894,2176689.2590421303,1115247.687853528,6.523319372277426,NA,2.7775923663750173,0.5914087461543565,862479.3917240816,709375.9278344061,2434334.7112825694,709375.9278344061,Buyers
ESP,Global,39558.659564211186,22030.681365966797,44631.735529499485,264709.24020219286,2094906.3340013614,311680.01204611524,13.922469214760268,NA,2.7775923663750173,0.5914087461543565,625376.5340649607,1447499.118570434,2698252.1867003553,1447499.118570434,Buyers
BEN,Global,25064.128629142648,11126.265441894531,27613.958165177868,13235.129705174075,3188.3323856922007,14506.931070808627,0.4021237826733791,NA,2.7775923663750173,0.5914087461543565,32856.137113073404,-40794.070169275736,24918.204056871073,24918.204056871073,Sellers
COD,Global,8354.02768067918,1992.7722473144531,9171.259344304224,3625.7558837245188,499.2796261831062,3837.0933250891444,0.13928047749206612,NA,2.7775923663750173,0.5914087461543565,13133.211649367555,-14626.704270498902,11639.719028236208,11639.719028236208,Sellers
TLS,Global,7745.71925602601,2227.8931579589844,9108.1429994299815,24175.823870926397,264170.48985243373,27464.253835897536,21.87413026628086,NA,2.7775923663750173,0.5914087461543565,45636.13315709026,216306.4635373845,307578.72985156503,216306.4635373845,Buyers
GTM,Global,56160.16156883338,24926.16146850586,69166.43082545865,31085.57193315237,7185.348808491288,38280.12492230984,0.2989937530182773,NA,2.7775923663750173,0.5914087461543565,69646.98876205369,-87387.80142206827,51906.17610203912,51906.17610203912,Sellers
VCT,Global,8034.867149965102,6267.341247558594,8999.407542852456,10035.702395415981,12518.878057117186,11214.324853615224,3.1244635577927533,NA,2.7775923663750173,0.5914087461543565,5557.504704138447,694.0321054201459,11809.04151369704,694.0321054201459,Buyers
FJI,Global,782517.6894750315,515145.2170715332,904494.2450986082,370195.08427469,133366.43524080384,426464.4769380431,0.5017891598179219,NA,2.7775923663750173,0.5914087461543565,1145264.1206883283,-1527042.9025190575,763485.338857599,763485.338857599,Sellers
WSM,Global,58193.846564873966,25599.67510986328,74891.10265178882,36721.78217600361,8482.087814161721,47367.94029792393,0.26619747433022417,NA,2.7775923663750173,0.5914087461543565,59640.64213683915,-76758.22943254071,42523.05484113759,42523.05484113759,Sellers
LBR,Global,147244.1712965344,51065.809143066406,162703.9922638149,76791.58271707973,19615.465670647693,84765.618350232,0.31379689959992685,NA,2.7775923663750173,0.5914087461543565,195688.572229653,-227138.9157020717,164238.22875723426,164238.22875723426,Sellers
GLP,Global,54818.41873604108,35536.147705078125,61809.22585379006,26963.646083063468,8105.784479690599,30501.45933664286,0.587509822546444,NA,2.7775923663750173,0.5914087461543565,77369.20388802221,-104799.56711340974,49938.840662634684,49938.840662634684,Sellers
GUF,Global,45543.97609862076,42069.627868652344,51895.31177458346,35188.9926253008,21592.79942557615,39849.576172521796,1.5284165110514563,NA,2.7775923663750173,0.5914087461543565,28761.923049432986,-49238.75149250918,8285.094606356794,8285.094606356794,Sellers
PAK,Global,80086.34030973673,36094.49981689453,96172.24156534798,60888.5798405791,22360.78003354612,73029.36876271125,0.4436998581863493,NA,2.7775923663750173,0.5914087461543565,53323.5529306283,-67057.27271397671,39589.83314727989,39589.83314727989,Sellers
PRK,Global,19009.062657508555,9589.048889160156,23466.841842583286,35160.89716939836,155998.29161329175,43115.10633855086,13.30214189494914,NA,2.7775923663750173,0.5914087461543565,44863.21224317768,101546.03048095391,191272.45496730926,101546.03048095391,Buyers
BRA,Global,682494.902899423,1232367.989440918,794468.1291646068,947564.6287689634,2058421.305507369,1107636.757857764,3.473589310096166,NA,2.7775923663750173,0.5914087461543565,736255.6471323537,89797.6689340974,1562308.9631988048,89797.6689340974,Buyers
LBY,Global,116925.16523356398,107337.99493408203,154493.03494624142,95477.18379665418,67828.57685033964,126264.99732241394,1.37306677839307,NA,2.7775923663750173,0.5914087461543565,59573.74951331374,-99083.16759705613,20064.33142957135,20064.33142957135,Sellers
PER,Global,487047.8601757768,305573.44689941406,552673.620270524,239875.57830119593,118423.79515046388,269118.43804637075,0.5622692726189357,NA,2.7775923663750173,0.5914087461543565,686543.84331433,-873693.4950632802,499394.1915653798,499394.1915653798,Sellers
MEX,Global,864386.0926805019,1331271.5916748047,998506.4666462124,640863.3421352779,803909.8872322424,738450.166593189,1.9423171937969819,NA,2.7775923663750173,0.5914087461543565,620855.0856255613,-1148216.7900681235,93493.381182999,93493.381182999,Sellers
LKA,Global,59800.91656715324,35521.74426269531,70148.54841126122,152270.54178077442,475239.5747790624,178341.687892956,5.358041171103229,NA,2.7775923663750173,0.5914087461543565,256842.92511491303,182874.90540145407,696560.7556312801,182874.90540145407,Buyers
TZA,Global,144822.4703388219,107927.77868652344,155743.0282261788,74734.68282101474,46404.02484867413,80280.79507026359,0.7170051875460796,NA,2.7775923663750173,0.5914087461543565,194675.30358557543,-256199.05742342473,133151.54974772612,133151.54974772612,Sellers
GRD,Global,8109.699045981928,10510.563842773438,9011.414575940278,8127.1899114224225,11850.752206825213,9031.078925947695,76.62218708452649,NA,2.7775923663750173,0.5914087461543565,48.5824943288099,1291.6058697229655,1388.7708583805852,1291.6058697229655,Buyers
NCL,Global,711822.1061487212,768953.7471923828,785990.1572949322,338504.68902945216,282583.32709370065,374098.78021269763,0.9533764706964099,NA,2.7775923663750173,0.5914087461543565,1036923.6080253199,-1523294.028124002,550553.1879266377,550553.1879266377,Sellers
UMI,Global,709896.3503572122,1495154.5568847656,796037.7947025199,505974.7435057294,970333.8435757179,567869.3011379136,2.3822168606045797,NA,2.7775923663750173,0.5914087461543565,566411.0985296061,-1091231.8118386539,41590.38522055838,41590.38522055838,Sellers
SLV,Global,48280.736813752046,41967.43017578125,57290.69724569235,25474.731535338193,18444.158174128694,29795.234959866084,0.8071353900559106,NA,2.7775923663750173,0.5914087461543565,63345.78616883067,-86869.05817048323,39822.51416717812,39822.51416717812,Sellers
MMR,Global,88627.87896337232,162687.5096435547,109088.06045616484,125640.32717857619,352224.54404470336,156303.2398661983,10.976415551606046,NA,2.7775923663750173,0.5914087461543565,102805.4936234009,86731.54077774778,292342.5280245496,86731.54077774778,Buyers
BGD,Global,16665.820082776496,26003.971313476562,20369.545097067537,27361.83451553769,159551.5191035408,33687.033764449254,16.72001867734055,NA,2.7775923663750173,0.5914087461543565,29709.1680390745,103838.37975098974,163256.71582913873,103838.37975098974,Buyers
TGO,Global,2717.318768485779,2231.87158203125,3064.445238058069,3759.3081586787107,26814.81562830255,4215.342230501399,23.592317040502294,NA,2.7775923663750173,0.5914087461543565,2894.2217760436465,21688.722270227652,27477.165822314946,21688.722270227652,Buyers
SPM,Global,1786.1710946666149,2086.928466796875,2207.8514803953112,5604.5054809555495,458390.7766016256,6717.378853574395,494.3086674347965,NA,2.7775923663750173,0.5914087461543565,10605.776443623381,445698.0716912054,466909.6245784521,445698.0716912054,Buyers
NGA,Global,47450.55418783269,82352.913330078125,52202.78342225902,53180.5556439799,102183.10409985762,58607.56372589202,5.089092992311656,NA,2.7775923663750173,0.5914087461543565,15915.608303912211,3914.5824658672846,35745.79907369171,3914.5824658672846,Buyers
PRI,Global,48426.63836099141,96277.807373046875,55582.94153781084,46748.32846416647,91902.84924625435,53517.871852137105,2.6067641828658443,NA,2.7775923663750173,0.5914087461543565,4661.660757832595,-9036.618884625119,286.7026310400688,286.7026310400688,Sellers
REU,Global,209257.79340931657,429052.09619140625,234282.20268130797,91129.91084931245,158956.83082327398,101864.09145174055,1.9531614112679707,NA,2.7775923663750173,0.5914087461543565,328111.104854712,-598206.3702228442,58015.8394865797,58015.8394865797,Sellers
MOZ,Global,74898.43350944504,163325.0205078125,80205.31186552235,172979.73149861838,482766.83116094035,185168.17613911442,3.7313372115245436,NA,2.7775923663750173,0.5914087461543565,272429.8645788812,47011.94607424666,591871.675232009,47011.94607424666,Buyers
GUM,Global,77817.11756811458,168660.33642578125,95919.99816025083,56099.777691092546,112461.08069030049,69164.28160636981,2.2786242341879164,NA,2.7775923663750173,0.5914087461543565,60321.91746038817,-116521.17319586893,4122.661724907404,4122.661724907404,Sellers
VEN,Global,176922.46276081327,349521.1062011719,194086.05378031635,131248.79534945285,242273.39545211528,143731.81043319096,2.1624937908335617,NA,2.7775923663750173,0.5914087461543565,126862.82994614611,-234110.5406952027,19615.119197089516,19615.119197089516,Sellers
TUV,Global,85582.87611012561,164896.56591796875,109586.33854160106,182907.7751316058,520633.6586776532,235727.18590036608,3.983304723210888,NA,2.7775923663750173,0.5914087461543565,270328.8965802828,85408.19617940165,626065.9893399673,85408.19617940165,Buyers
MDV,Global,416856.349878942,937715.24609375,506885.5354523541,258488.76552441824,540888.7434026346,314957.4401551787,2.3682899075063952,NA,2.7775923663750173,0.5914087461543565,439880.59338437684,-836707.0960754922,43054.090693261474,43054.090693261474,Sellers
MTQ,Global,21127.204996159,44893.843505859375,23755.876728114366,15455.982168206658,30605.85944886755,17411.406640657187,2.4757726217022546,NA,2.7775923663750173,0.5914087461543565,15752.34523493216,-30040.329291923983,1464.3611779403363,1464.3611779403363,Sellers
KIR,Global,52117.58385288226,131614.73876953125,58308.29182807998,955362.9822201764,3410148.6986611425,1088390.545730589,4.240637027282403,NA,2.7775923663750173,0.5914087461543565,2508847.5234683575,769686.4364232537,5787381.483359968,769686.4364232537,Buyers
ASM,Global,68731.477730113,164154.86450195312,89865.8168847901,96506.75904097906,247207.72138711708,126153.12229131148,3.1003650113445986,NA,2.7775923663750173,0.5914087461543565,77148.40934298026,5904.447542183698,160201.26622814423,5904.447542183698,Buyers
BES,Global,5484.166147876149,10143.3583984375,5997.755437687124,5695.919173818418,12298.836192051524,6229.076329397441,10.179206573424265,NA,2.7775923663750173,0.5914087461543565,588.163588414058,1567.3142051999655,2743.6413820280814,1567.3142051999655,Buyers
GNQ,Global,176120.61198431018,398064.5712890625,187521.95795568905,92282.21981290243,195958.5089508596,98434.43290876558,2.295868026547925,NA,2.7775923663750173,0.5914087461543565,232868.87810445717,-434974.94044266007,30762.815766254265,30762.815766254265,Sellers
COM,Global,42221.86034251667,98068.1552734375,45243.79018037747,52825.029411241296,128513.75296279366,56558.51794390093,2.919813573034362,NA,2.7775923663750173,0.5914087461543565,29451.281464673215,994.3162246829452,59896.879154029375,994.3162246829452,Buyers
SYC,Global,46161.628478706865,114470.28037332246,50752.48363750117,368315.24996131356,1183029.0779023138,403813.3135884376,3.786862025469233,NA,2.7775923663750173,0.5914087461543565,894811.4398301551,173747.35769883613,1963370.2373591466,173747.35769883613,Buyers
GIN,Global,16872.966835534848,42406.318359375,18265.68055971506,28647.894678062476,90768.42495926184,30951.10910038244,7.398861013298073,NA,2.7775923663750173,0.5914087461543565,32705.949690021393,15656.15690986545,81068.05628990824,15656.15690986545,Buyers
FRA,Global,12776.699412093329,30516.2060546875,14246.457993846547,230757.18876419455,885694.4134879835,258181.84917941995,4.8140343098992515,NA,2.7775923663750173,0.5914087461543565,605460.9432430872,249717.26419020887,1460639.1506763832,249717.26419020887,Buyers
GNB,Global,2853.652691175175,6258.0302734375,3033.111816634733,32786.88103892673,123745.95205870987,34709.78993185886,7.686776663517736,NA,2.7775923663750173,0.5914087461543565,83142.306559675,34345.61522559737,200630.22834494736,34345.61522559737,Buyers
MDG,Global,13096.04948852739,33101.3388671875,14234.585944405835,368032.03605243,1522597.8111223856,402487.7594165164,5.196661200437782,NA,2.7775923663750173,0.5914087461543565,985867.4868316815,503628.9854235166,2475363.9590868796,503628.9854235166,Buyers
VIR,Global,7803.412111602191,19477.8408203125,8801.318755120616,12604.77212782449,33578.100517765015,14099.293251153662,3.0097106205001563,NA,2.7775923663750173,0.5914087461543565,13336.220929277288,764.0387681752272,27436.480626729804,764.0387681752272,Buyers
DMA,Global,5360.902573390039,12704.0224609375,5924.702417701684,9990.617828374729,26445.597272446077,11129.992488146869,2.9830743722565454,NA,2.7775923663750173,0.5914087461543565,12859.461750735441,882.1130607731357,26601.03656224402,882.1130607731357,Buyers
NRU,Global,5098.806167060021,13512.7255859375,6151.4535839094015,85914.38764989913,287594.41450069577,105582.29548347676,3.734124911912665,NA,2.7775923663750173,0.5914087461543565,224472.74221089212,49608.94670386615,498554.4311256504,49608.94670386615,Buyers
MHL,Global,5368.419683916434,14594.3359375,6024.354387891335,540819.0384186344,1857579.5106419956,630360.228094805,3.7536534599911975,NA,2.7775923663750173,0.5914087461543565,1487263.5511683328,355721.6235361628,3330248.7258728286,355721.6235361628,Buyers
PLW,Global,0,0,0,164543.6908973353,584243.0983745338,201085.8861005987,3.917653402765337,NA,2.7775923663750173,0.5914087461543565,457035.29977160896,127207.79860292486,1041278.3981461427,127207.79860292486,Buyers
ECU,Global,0,0,0,324788.2214297767,4805417.294372485,357332.2988267999,28.15503617182556,NA,2.7775923663750173,0.5914087461543565,902129.2845318665,3903288.0098406184,5707546.578904351,3903288.0098406184,Buyers
SLB,Global,0,0,0,385566.22967382247,2119617.8243724504,463196.305042774,6.3730945541337665,NA,2.7775923663750173,0.5914087461543565,1070945.816274006,1048672.0080984444,3190563.6406464563,1048672.0080984444,Buyers
LCA,Global,0,0,0,2751.969165755416,44578.2978492257,3119.5240900610643,302.83877845453793,NA,2.7775923663750173,0.5914087461543565,7643.848547301667,36934.44930192403,52222.14639652737,36934.44930192403,Buyers
IRN,Global,0,0,0,41534.051754249165,12519226.358559377,51509.2140834298,1025.7398423302254,NA,2.7775923663750173,0.5914087461543565,115364.66509722738,12403861.69346215,12634591.023656605,12403861.69346215,Buyers
BRN,Global,0,0,0,12380.360189268522,646895.2135184038,15627.033847390428,122.75713675183123,NA,2.7775923663750173,0.5914087461543565,34387.59395468541,612507.6195637184,681282.8074730892,612507.6195637184,Buyers
FSM,Global,0,0,0,725250.285937506,4076068.606710644,906461.9645687311,6.5932203841097445,NA,2.7775923663750173,0.5914087461543565,2014449.6579313152,2061618.9487793287,6090518.264641959,2061618.9487793287,Buyers
CIV,Global,0,0,0,51777.076638536,236874.76604022953,56563.92795410388,5.394334236286043,NA,2.7775923663750173,0.5914087461543565,143815.61282441183,93059.1532158177,380690.37886464136,93059.1532158177,Buyers
SEN,Global,0,0,0,43458.49939953391,223266.8324572443,47171.617127223115,6.264542119797614,NA,2.7775923663750173,0.5914087461543565,120709.99618625866,102556.83627098564,343976.82864350296,102556.83627098564,Buyers
MSR,Global,0,0,0,1827.1239098487254,7310.613572415008,2045.6245767015541,4.001159162226869,NA,2.7775923663750173,0.5914087461543565,5075.005424417095,2235.608147997913,12385.618996832103,2235.608147997913,Buyers
MRT,Global,0,0,0,39875.01826573931,221161.1839746374,46995.681137043684,6.969622901236273,NA,2.7775923663750173,0.5914087461543565,110756.54634398189,110404.6376306555,331917.7303186193,110404.6376306555,Buyers
MYS,Global,0,0,0,130427.12439307019,139829915.1967975,159928.09265437193,2238.925837146445,NA,2.7775923663750173,0.5914087461543565,362273.38508243655,139467641.81171507,140192188.5818799,139467641.81171507,Buyers
KNA,Global,0,0,0,2743.1828641971297,13354.812562956391,3051.4600474612957,16.703648490842998,NA,2.7775923663750173,0.5914087461543565,7619.443783164703,5735.368779791688,20974.256346121096,5735.368779791688,Buyers
YEM,Global,0,0,0,151219.31034168295,1023494.5784909803,171576.7791308344,7.853869386621646,NA,2.7775923663750173,0.5914087461543565,420025.6020535533,603468.9764374271,1443520.1805445335,603468.9764374271,Buyers
OMN,Global,0,0,0,151350.25104089823,8208121.9968728805,174134.06608190737,67.54363077550089,NA,2.7775923663750173,0.5914087461543565,420389.3019401414,7787732.694932739,8628511.298813023,7787732.694932739,Buyers
STP,Global,0,0,0,40678.103915736494,287080.8317737618,44897.493976294034,8.460111880953898,NA,2.7775923663750173,0.5914087461543565,112987.19091495938,174093.6408588024,400068.0226887212,174093.6408588024,Buyers
GMB,Global,0,0,0,5637.474662653405,36545.54832530859,6000.739187294379,9.647736927869916,NA,2.7775923663750173,0.5914087461543565,15658.606588618673,20886.941736689918,52204.15491392727,20886.941736689918,Buyers
CPV,Global,0,0,0,246218.65082910744,2286542.831252455,264419.5223788382,10.677054553133107,NA,2.7775923663750173,0.5914087461543565,683895.0450020847,1602647.78625037,2970437.8762545395,1602647.78625037,Buyers
KOR,Global,0,0,0,90902.02079784298,13009083.22750946,108149.97384114593,910.7122261369873,NA,2.7775923663750173,0.5914087461543565,252488.75905615173,12756594.468453309,13261571.98656561,12756594.468453309,Buyers
CMR,Global,0,0,0,3745.3262360130466,4238934.389476829,4736.516248348162,3531.752729826159,NA,2.7775923663750173,0.5914087461543565,10402.989562733914,4228531.399914095,4249337.379039563,4228531.399914095,Buyers
ITA,Global,0,0,0,150574.52074758834,3294994.466040248,194978.17851559087,57.715088162739235,NA,2.7775923663750173,0.5914087461543565,418234.63939907803,2876759.82664117,3713229.1054393263,2876759.82664117,Buyers
THA,Global,0,0,0,71137.92595768634,26012426.566407286,97854.62525784307,1171.8328808746558,NA,2.7775923663750173,0.5914087461543565,197592.16009982076,25814834.406307466,26210018.726507105,25814834.406307466,Buyers
ESH,Global,0,0,0,71043.74203951139,813457.1967265789,82116.10188867261,12.941454800538867,NA,2.7775923663750173,0.5914087461543565,197330.55556766273,616126.6411589162,1010787.7522942416,616126.6411589162,Buyers
FRO,Global,0,0,0,59112.26652186005,2619054.6181000704,73304.91771742959,73.50129306532932,NA,2.7775923663750173,0.5914087461543565,164189.780250244,2454864.8378498266,2783244.3983503142,2454864.8378498266,Buyers
ERI,Global,0,0,0,18979.97036860309,1291626.2591144973,27180.23534696385,96.33562887306638,NA,2.7775923663750173,0.5914087461543565,52718.62080985597,1238907.6383046415,1344344.8799243532,1238907.6383046415,Buyers
GRC,Global,0,0,0,128231.3749204042,2603437.9225990525,169742.32117718353,32.553337779012104,NA,2.7775923663750173,0.5914087461543565,356174.4881086875,2247263.434490365,2959612.41070774,2247263.434490365,Buyers
CYP,Global,0,0,0,24223.09938072408,345617.29397466267,31562.199821862607,17.577479954393112,NA,2.7775923663750173,0.5914087461543565,67281.89592984262,278335.39804482006,412899.18990450527,278335.39804482006,Buyers
MLT,Global,0,0,0,15938.79999500118,920750.3515695619,20363.477530117787,140.2480903581418,NA,2.7775923663750173,0.5914087461543565,44271.48919529344,876478.8623742685,965021.8407648553,876478.8623742685,Buyers
VNM,Global,0,0,0,219031.97168179374,11199934.90334947,258522.8704291129,120.96223678878476,NA,2.7775923663750173,0.5914087461543565,608381.5325354192,10591553.370814051,11808316.43588489,10591553.370814051,Buyers
ISR,Global,0,0,0,6808.89103039381,142650.30640190796,8778.326178779429,26.427484020204506,NA,2.7775923663750173,0.5914087461543565,18912.32374950117,123737.98265240679,161562.63015140913,123737.98265240679,Buyers
LBN,Global,0,0,0,4806.0635319429075,86749.0266298017,6039.087529574933,21.32706849723961,NA,2.7775923663750173,0.5914087461543565,13349.285378637975,73399.74125116372,100098.31200843967,73399.74125116372,Buyers
KHM,Global,0,0,0,10397.22391803984,1834080.1494864025,14817.573742362722,411.1948804801066,NA,2.7775923663750173,0.5914087461543565,28879.249786239205,1805200.8997001634,1862959.3992726416,1805200.8997001634,Buyers
DZA,Global,0,0,0,36993.21009390922,1045386.706771217,42568.234390321275,38.87008942329284,NA,2.7775923663750173,0.5914087461543565,102752.05796454949,942634.6488066675,1148138.7647357665,942634.6488066675,Buyers
GHA,Global,0,0,0,68985.51349138666,2127478.900066292,75327.4040376273,38.429921803544396,NA,2.7775923663750173,0.5914087461543565,191613.63566413635,1935865.2644021555,2319092.535730428,1935865.2644021555,Buyers
CHN,Global,0,0,0,270455.9012073861,719565987.3880928,317082.8117526148,6081.159406725072,NA,2.7775923663750173,0.5914087461543565,751216.2466347115,718814771.141458,720317203.6347275,718814771.141458,Buyers
PNG,Global,0,0,0,666675.0808374352,26605617.348733746,774614.6090421315,43.69321399910794,NA,2.7775923663750173,0.5914087461543565,1851751.6153865075,24753865.733347237,28457368.964120254,24753865.733347237,Buyers
PHL,Global,0,0,0,562256.9330483467,27130929.454333637,666345.45676259,53.62397015602735,NA,2.7775923663750173,0.5914087461543565,1561720.5651765168,25569208.88915712,28692650.019510154,25569208.88915712,Buyers
NOR,Global,0,0,0,208800.35676440402,74001296.22297853,252805.50225524048,788.1053699797224,NA,2.7775923663750173,0.5914087461543565,579962.2770451888,73421333.94593334,74581258.50002372,73421333.94593334,Buyers
DEU,Global,0,0,0,7959.173660951433,5821539.78882438,8907.594587808426,1132.4564066779892,NA,2.7775923663750173,0.5914087461543565,22107.3400033118,5799432.448821069,5843647.128827692,5799432.448821069,Buyers
SYR,Global,0,0,0,3308.8677122841664,183094.6897650602,4298.3797632386995,57.19714552488089,NA,2.7775923663750173,0.5914087461543565,9190.685698985268,173904.00406607494,192285.37546404547,173904.00406607494,Buyers
MAR,Global,0,0,0,82325.12752030513,8359742.694087725,96070.60836782868,165.00626230507476,NA,2.7775923663750173,0.5914087461543565,228665.64576124938,8131077.048326476,8588408.339848975,8131077.048326476,Buyers
TUR,Global,0,0,0,62653.3428661036,9547983.71690659,98578.14319109872,769.1950194780951,NA,2.7775923663750173,0.5914087461543565,174025.446872766,9373958.270033825,9722009.163779356,9373958.270033825,Buyers
SAU,Global,0,0,0,55323.797659390955,36166015.503796756,80097.88982743441,3320.188660618945,NA,2.7775923663750173,0.5914087461543565,153666.95805760036,36012348.54573916,36319682.46185435,36012348.54573916,Buyers
FIN,Global,0,0,0,19507.31172733179,3619035.766338958,23124.96179835387,240.44138490059723,NA,2.7775923663750173,0.5914087461543565,54183.36014233463,3564852.406196623,3673219.126481293,3564852.406196623,Buyers
SWE,Global,0,0,0,39665.96126425726,8670573.468505802,47960.52016959813,279.2576051343481,NA,2.7775923663750173,0.5914087461543565,110175.8712125281,8560397.597293273,8780749.33971833,8560397.597293273,Buyers
MNE,Global,0,0,0,2608.151439756467,581146.1400942518,3255.841973533259,353.6302901823467,NA,2.7775923663750173,0.5914087461543565,7244.381529417574,573901.7585648343,588390.5216236694,573901.7585648343,Buyers
SDN,Global,0,0,0,16588.92069810114,19677403.46145629,24872.923022436957,6696.12701321058,NA,2.7775923663750173,0.5914087461543565,46077.259497446255,19631326.201958846,19723480.720953736,19631326.201958846,Buyers
DNK,Global,0,0,0,25525.07799613851,29509124.099713173,31576.572568520558,2094.673685198243,NA,2.7775923663750173,0.5914087461543565,70898.26179320125,29438225.837919973,29580022.361506373,29438225.837919973,Buyers
EST,Global,0,0,0,10100.4035754801,3029315.941727127,11548.394694925912,343.396275846246,NA,2.7775923663750173,0.5914087461543565,28054.80386856046,3001261.1378585664,3057370.7455956875,3001261.1378585664,Buyers
TUN,Global,0,0,0,26412.995486108775,17311121.776382644,32190.924125634047,1080.82499980135,NA,2.7775923663750173,0.5914087461543565,73364.53463531352,17237757.24174733,17384486.311017957,17237757.24174733,Buyers
ALB,Global,0,0,0,3311.602657643847,1004051.2656647816,3910.0570375206057,305.66421804132875,NA,2.7775923663750173,0.5914087461543565,9198.28226233877,994852.9834024428,1013249.5479271204,994852.9834024428,Buyers
DJI,Global,0,0,0,1555.4346640297072,492507.24332815746,2089.299388684084,316.6364069913457,NA,2.7775923663750173,0.5914087461543565,4320.363449204005,488186.87987895345,496827.6067773615,488186.87987895345,Buyers
LVA,Global,0,0,0,9534.377436882505,3668044.913774863,10691.167110285758,451.5195661800426,NA,2.7775923663750173,0.5914087461543565,26482.61398682305,3641562.2997880396,3694527.527761686,3641562.2997880396,Buyers
QAT,Global,0,0,0,10511.148852006536,6040367.019816529,12104.996083040802,818.1603530213018,NA,2.7775923663750173,0.5914087461543565,29195.68681316488,6011171.3330033645,6069562.7066296935,6011171.3330033645,Buyers
BLM,Global,0,0,0,1853.8687641793606,750808.7459019822,2019.3172905299944,404.9956288218371,NA,2.7775923663750173,0.5914087461543565,5149.291727645679,745659.4541743365,755958.0376296279,745659.4541743365,Buyers
HRV,Global,0,0,0,17784.092518387035,20156449.148681547,20884.270848528646,1463.2973698230974,NA,2.7775923663750173,0.5914087461543565,49396.95962197889,20107052.18905957,20205846.108303525,20107052.18905957,Buyers
LTU,Global,0,0,0,2048.608291188998,1486432.114135039,2316.8076699240146,914.4202594124497,NA,2.7775923663750173,0.5914087461543565,5690.198751299129,1480741.9153837399,1492122.3128863382,1480741.9153837399,Buyers
POL,Global,0,0,0,6067.315370433703,4826128.297258214,6862.342348014253,891.4178500481381,NA,2.7775923663750173,0.5914087461543565,16852.528857306464,4809275.7684009075,4842980.826115521,4809275.7684009075,Buyers
ARE,Global,0,0,0,13715.208744226846,18635719.31124864,16140.114423393949,1536.335406004914,NA,2.7775923663750173,0.5914087461543565,38095.259111204374,18597624.05213744,18673814.570359845,18597624.05213744,Buyers
NLD,Global,0,0,0,17369.076688662983,51147375.98126041,20991.116956723017,3219.2608326018076,NA,2.7775923663750173,0.5914087461543565,48244.21482141256,51099131.766439,51195620.196081825,51099131.766439,Buyers
GGY,Global,0,0,0,1132.3533370017194,2709272.6920366758,1350.8953964673885,2392.603618946691,NA,2.7775923663750173,0.5914087461543565,3145.2159848952533,2706127.4760517804,2712417.908021571,2706127.4760517804,Buyers
BEL,Global,0,0,0,1172.9163429579417,3260476.5378712104,1320.8232617237536,2779.803144057755,NA,2.7775923663750173,0.5914087461543565,3257.8834805964807,3257218.654390614,3263734.4213518067,3257218.654390614,Buyers
KWT,Global,0,0,0,3076.923105379546,17051733.445147645,3407.1879842925327,5960.429806143547,NA,2.7775923663750173,0.5914087461543565,8546.43812942514,17043187.00701822,17060279.88327707,17043187.00701822,Buyers
BHR,Global,0,0,0,2314.0574257859303,18454513.976007555,2604.874042075019,7974.95938102737,NA,2.7775923663750173,0.5914087461543565,6427.508241216423,18448086.467766337,18460941.484248772,18448086.467766337,Buyers
IRQ,Global,0,0,0,649.8680265363334,7797831.999999999,909.1204628256055,11999.100866003337,NA,2.7775923663750173,0.5914087461543565,1805.068469658517,7796026.931530341,7799637.068469658,7796026.931530341,Buyers
SGP,Global,0,0,0,790.6779648645406,13524786.559999999,1046.0240737998845,17105.3035002905,NA,2.7775923663750173,0.5914087461543565,2196.181079468682,13522590.37892053,13526982.741079466,13522590.37892053,Buyers
