iso3,province,mkt_tb,mkt_tc,mkt_area,bau_tb,bau_tc,bau_area,mc_stop,pct_protected,trading_price,pixel_fraction,rect,mkt_tc_b,mkt_tc_s,savings,transaction
NZL,Subantarctic New Zealand,447294.5060390977,221479.2867058901,550123.2948758643,447294.5060390977,221479.2867058901,550123.2948758643,3.2579751579508778,NA,3.2579751579508778,0.6259371006825402,0,0,0,0,Doesn't participate
ATF,Subantarctic Islands,212177.13948852298,177857.64305084766,250439.30603799314,246876.6837811801,279762.6776203217,292535.9646649253,3.7624441705118814,NA,2.339776124736628,0.8712528463025446,81189.16527520024,20715.869294273783,183094.19984467427,20715.869294273783,Buyers
HMD,Subantarctic Islands,81281.47681434888,11811.231825060211,95878.82759942907,89118.89319766166,51346.47441166728,105233.47027936994,10.913218408649268,NA,2.339776124736628,0.8712528463025446,18337.79973329494,21197.442853312128,57873.042319902015,21197.442853312128,Buyers
CAN,Arctic,2639124.8989673518,50637424.00616349,3273249.3498862893,2000427.8702565213,1426774.5124766082,2515226.4746137145,3.6901911948736186,NA,415.66466924114184,0.7290323320496306,265483789.18438742,-314694438.6780743,216273139.69070053,216273139.69070053,Sellers
ARG,Magellanic,368421.600367011,327158305.0321213,439318.23307234753,399170.3830347921,368533567.9047282,476289.8433221125,1363.0809448203613,NA,1314.3647914261296,0.431869750946719,40415117.31774551,960145.5548613667,81790380.19035238,960145.5548613667,Buyers
IRL,Northern European Seas,242696.31708478674,166247881.41374743,284959.8712726373,213859.82262077028,99271647.3924131,251261.7167926598,1926.7117598203768,NA,2584.2477914195424,0.7660712687094678,74520647.1309164,-141496881.15225074,7544413.109582067,7544413.109582067,Sellers
RUS,Arctic,2277994.342958705,55424681.0316961,2914487.249469666,2024534.2811187215,11924335.479500523,2605244.365652053,28.817170557530897,NA,415.66466924114184,0.7290323320496306,105354392.77055612,-148854738.3227517,61854047.21836054,61854047.21836054,Sellers
PCN,Southeast Polynesia,321172.5116052536,44896.86315205693,420763.1787450594,265198.1313928178,14687.188344232352,346633.54118971445,0.1584827503434631,NA,2.8749606119355158,0.35773832342799095,160924.1383882556,-191133.81319608018,130714.46358043104,130714.46358043104,Sellers
PYF,Southeast Polynesia,2203773.3936628397,3762976.4267332973,2676577.2653200757,2059010.6289436466,3362921.1044375296,2501962.500983688,2.6482465020623525,NA,2.8749606119355158,0.35773832342799095,416187.2466425685,-816242.5689383362,16131.924346800894,16131.924346800894,Sellers
SJM,Arctic,304875.00611566904,27289603.122307196,372429.94242227904,312624.75271335535,30630541.403149556,381604.3831121406,446.5890834768075,NA,415.66466924114184,0.7290323320496306,3221295.856229947,119642.42461241316,6562234.137072306,119642.42461241316,Buyers
GRL,Arctic,546509.2916661192,39196891.88424397,657871.6669400176,881008.1326097482,373014421.9051449,1046598.7487059261,1727.0261986817252,NA,415.66466924114184,0.7290323320496306,139039350.08237883,194778179.93852207,472856880.1032797,194778179.93852207,Buyers
TKL,Central Polynesia,227331.08517804337,123836.0015438199,288998.4095125233,183779.60535762837,650.7504039176673,233614.9972349605,0.007072439862778594,NA,4.498330002697213,0.9197282614709434,195908.92833803504,-319094.1794779373,72723.6771981328,72723.6771981328,Sellers
ISL,Northern European Seas,307802.73051328695,151221488.13042587,370572.8517042126,236133.3093538748,27649238.71004076,282655.19710592605,885.0448173128278,NA,2584.2477914195424,0.7660712687094678,185211543.34352788,-308783792.763913,61639293.923142776,61639293.923142776,Sellers
ZAF,Agulhas,450933.6746913798,44911.035272857094,492493.26719820185,450933.6746913798,44911.035272857094,492493.26719820185,1.315266593384443,NA,1.315266593384443,0.9213691896273405,0,0,0,0,Doesn't participate
ZAF,Subantarctic Islands,215478.14338853862,12583.285836219788,259462.16218443596,168154.1773676583,1099.7378901770803,204582.92215735448,0.0425102037125822,NA,2.339776124736628,0.8712528463025446,110727.48582350324,-122211.03376954595,99243.93787746054,99243.93787746054,Sellers
NIU,Tropical Southwestern Pacific,247218.44071080736,54550.847447395325,301719.21771778393,190469.00585451678,776.4857960576746,232129.6673324753,0.008688192776248644,NA,5.573068804921448,0.7367731009215477,316268.5050945149,-370042.8667458526,262494.1434431773,262494.1434431773,Sellers
ZAF,Benguela,162767.47446512012,128744.95656681061,183530.68951542178,146006.85126274763,33268.13891959673,163320.46284640272,2.750580003241089,NA,15.686304773326494,0.6041329343509092,262912.24374330236,-358389.06139051623,167435.4260960885,167435.4260960885,Sellers
WLF,Central Polynesia,119413.50299684721,113456.24397587776,152914.95120281127,98649.97825372856,38237.66284571904,126172.57169159527,3.043300120508747,NA,4.498330002697213,0.9197282614709434,93401.18631371655,-168619.76744387526,18182.605183557826,18182.605183557826,Sellers
NAM,Benguela,285717.26677740354,298170.12875319563,343186.63825120387,310439.78474064975,889289.9015079018,374906.0701489236,31.848556270427586,NA,15.686304773326494,0.6041329343509092,387804.95153551904,203314.82121918717,978924.7242902252,203314.82121918717,Buyers
GEO,Black Sea,13155.290999185087,1233625.6190218925,20422.91714148615,10653.008133547593,808055.0533803387,16300.131516374317,160.10488810414745,NA,1219.924800506409,0.5763937645274678,3052596.9256734243,-3478167.4913149783,2627026.36003187,2627026.36003187,Sellers
BMU,Tropical Northwestern Atlantic,325884.143139218,205795.3131790161,364426.52432016644,242646.28194001594,4703.478583369908,271071.00094313954,0.02867923927593748,NA,57.342775792892354,0.026889303363170636,4773090.012225737,-4974181.846821383,4571998.177630091,4571998.177630091,Sellers
MNP,Tropical Northwestern Pacific,567752.7202060241,1192465.8084864616,659617.3914235203,445583.73462713195,648421.9502827302,513978.74025233684,3.3956030276875517,NA,8.289276888255825,0.2901318171865974,1012692.5486207701,-1556736.4068245017,468648.6904170386,468648.6904170386,Sellers
TWN,South China Sea,193888.80034820162,63589860.6732254,216410.13826539667,146392.21259893035,7894297.19994562,163763.03752460747,428.451368430294,NA,2572.3216126893303,0.6480458940603356,122176499.19644578,-177872062.66972557,66480935.723166,66480935.723166,Sellers
SHN,St. Helena and Ascension Islands,568438.8847767512,31310.044614880084,622026.7361060544,568438.8847767512,31310.044614880084,622026.7361060544,0.1455319475889402,NA,0.1455319475889402,0.7630817901477227,0,0,0,0,Doesn't participate
CHL,Easter Island,252197.86464607748,6374.1147831639,337675.3281049783,252197.86464607748,6374.1147831639,337675.3281049783,0.04642311515958455,NA,0.04642311515958455,0.6988537219640203,0,0,0,0,Doesn't participate
BHS,Tropical Northwestern Atlantic,278190.82226491673,519136.4746952057,335050.25359771965,354390.80661049136,43251321.76577326,425535.9185599974,655.7841933022203,NA,57.342775792892354,0.026889303363170636,4369518.617750193,38362666.67332786,47101703.90882824,38362666.67332786,Buyers
JAM,Tropical Northwestern Atlantic,187970.38837779697,320458.59815883636,212560.488652514,160540.10370615797,17501.045078519383,181840.07767447009,0.679305248437948,NA,57.342775792892354,0.026889303363170636,1572928.6638610074,-1875886.2169413245,1269971.1107806903,1269971.1107806903,Sellers
AIA,Tropical Northwestern Atlantic,67381.40432770913,144171.53398799896,80905.8580361115,57076.97422561188,1417.3957912746296,68451.27639042304,0.21198084617510807,NA,57.342775792892354,0.026889303363170636,590884.6250180934,-733638.7632148177,448130.48682136904,448130.48682136904,Sellers
CRI,Tropical East Pacific,375658.71093939815,201499.64466953278,434077.50992597104,337513.1929004142,73824.04347433093,389358.84409586893,1.8936896894722783,NA,5.519350855037291,0.5931738412368439,210538.49760430664,-338214.0987995085,82862.8964091048,82862.8964091048,Sellers
TCA,Tropical Northwestern Atlantic,59149.81251114757,178911.59854221344,76493.00611129677,50934.47398952083,17286.092010378972,65729.20258817796,13.045839091975337,NA,57.342775792892354,0.026889303363170636,471090.31490835355,-632715.821440188,309464.80837651907,309464.80837651907,Sellers
CYM,Tropical Northwestern Atlantic,93386.3166914745,64419.63817882538,113439.45092669428,68172.01118477638,1304.988299366545,81454.85161800827,0.03774666594674203,NA,57.342775792892354,0.026889303363170636,1445858.2674440811,-1508972.91732354,1382743.6175646223,1382743.6175646223,Sellers
ISL,Arctic,128007.34458040164,12125264.849443913,150914.3496371917,135876.5876464106,15875383.457466535,159936.02740461144,507.25010220658953,NA,415.66466924114184,0.7290323320496306,3270966.316210763,479152.2918118597,7021084.924233386,479152.2918118597,Buyers
ATG,Tropical Northwestern Atlantic,80114.87263125872,228890.2424697876,93181.59022413642,68494.36928940265,12233.268287189872,79325.74042994496,13.530099694962363,NA,57.342775792892354,0.026889303363170636,666351.9177326094,-883008.8919152071,449694.9435500117,449694.9435500117,Sellers
DOM,Tropical Northwestern Atlantic,218671.15018792168,535059.346455574,256316.4239135864,173692.79213563408,178919.79806682508,203227.98297066128,1.6311755679039648,NA,57.342775792892354,0.026889303363170636,2579183.9013247625,-2935323.4497135114,2223044.3529360136,2223044.3529360136,Sellers
COG,Gulf of Guinea,21451.439642184487,119989.60139465332,24499.525418566365,20184.60957878757,86573.93056383698,22946.27479499322,26.3773901459321,NA,119.15237719659616,0.8452606860282503,150945.81355785712,-184361.48438867345,117530.14272704079,117530.14272704079,Sellers
GAB,Gulf of Guinea,137004.32861066342,1347205.4763450623,150451.34652270726,131185.9582994774,960409.0038856957,144048.42133566894,53.17153616699736,NA,119.15237719659616,0.8452606860282503,693272.6539879119,-1080069.1264472785,306476.18152854533,306476.18152854533,Sellers
HTI,Tropical Northwestern Atlantic,67912.49966062252,35106.735485076904,79190.02894880497,61295.08770613752,10005.95423221331,71045.40786784225,1.3306035062505057,NA,57.342775792892354,0.026889303363170636,379460.7700352387,-404561.5512881023,354359.9887823751,354359.9887823751,Sellers
AUS,Tropical Southwestern Pacific,414482.74718855444,295567.09030532837,457116.6214521436,348020.909862309,66850.83425203883,383507.09500759124,1.3377575668446535,NA,5.573068804921448,0.7367731009215477,370396.39232066233,-599112.6483739519,141680.13626737279,141680.13626737279,Sellers
USA,Cold Temperate Northeast Pacific,1222721.5125143914,49774372.430513166,1438056.3130962416,1216077.7465941538,44878420.72134424,1430555.4007739655,720.7109336739186,NA,759.4118166124073,0.7132239091172075,5045354.346635266,-9941306.055804193,149402.63746634126,149402.63746634126,Sellers
HND,Tropical Northwestern Atlantic,106941.86860931171,162808.8089313507,126251.33088423959,121415.86609133631,1786276.4599834913,143165.84654851208,165.90977311037884,NA,57.342775792892354,0.026889303363170636,829979.192438625,793488.4586135156,2453446.8434907654,793488.4586135156,Buyers
CUW,Tropical Northwestern Atlantic,24668.494265497728,68619.61200141907,26942.1516349579,22199.933306342227,18902.06972753298,24375.868031788887,20.140293513713573,NA,57.342775792892354,0.026889303363170636,141554.13761194114,-191271.67988582724,91836.59533805505,91836.59533805505,Sellers
CUB,Tropical Northwestern Atlantic,181168.96129126297,256964.33285331726,223152.0939689073,211433.4041020958,14107373.886467973,258742.74637401322,536.8859683483257,NA,57.342775792892354,0.026889303363170636,1735447.1585984007,12114962.395016255,15585856.712213056,12114962.395016255,Buyers
GBR,Northern European Seas,325451.46202607674,420019052.40615463,383689.94226963207,436589.7316653476,757330581.2259909,512816.3768710349,3443.0428270890725,NA,2584.2477914195424,0.7660712687094678,287208827.8574753,50102700.96236098,624520356.6773115,50102700.96236098,Buyers
TON,Tropical Southwestern Pacific,337796.52287950914,129749.9780368805,387815.123906711,291334.6917261703,21357.26079985684,333756.924225771,0.6158225729027897,NA,5.573068804921448,0.7367731009215477,258934.98182020013,-367327.6990572238,150542.26458317647,150542.26458317647,Sellers
GUY,North Brazil Shelf,95015.52756541342,6058029.798666,109465.44541922529,87569.12657476634,2636347.703861111,100665.23833712227,332.2792386064147,NA,538.7897761471561,0.47765698644958055,4012044.7228526985,-7433726.817657588,590362.628047809,590362.628047809,Sellers
BRB,Tropical Northwestern Atlantic,154358.22737694517,571960.9175682068,173686.89806810176,118615.10597286689,15420.258640816412,133597.02084049955,1.975185072090559,NA,57.342775792892354,0.026889303363170636,2049609.7968121925,-2606150.455739583,1493069.1378848022,1493069.1378848022,Sellers
CHL,Magellanic,457342.37281799567,70793827.72421074,552703.0656950979,426593.5901502145,35530720.03303611,516584.2094067692,1006.2476278015835,NA,1314.3647914261296,0.431869750946719,40415117.31774558,-75678225.00892021,5152009.626570955,5152009.626570955,Sellers
ABW,Tropical Northwestern Atlantic,24574.32764803728,116858.09015274048,26872.262215064067,20029.93466277637,19493.97981848565,22039.741080540698,3.790886862666721,NA,57.342775792892354,0.026889303363170636,260588.10806860917,-357952.218402864,163223.99773435434,163223.99773435434,Sellers
BLZ,Tropical Northwestern Atlantic,11844.577469690063,34226.430950164795,14682.308506972542,21276.041087636833,4199181.06177311,26139.101322688548,568.5971549735789,NA,57.342775792892354,0.026889303363170636,540826.303642743,3624128.327180202,4705780.934465689,3624128.327180202,Buyers
TON,Central Polynesia,100060.6768399328,46538.34386062622,121437.52800780554,81556.3382318597,8809.04975957657,98637.884343650745,0.5351774169790378,NA,4.498330002697213,0.9197282614709434,83238.62154076362,-120967.91564181328,45509.32743971397,45509.32743971397,Sellers
USA,Arctic,232639.51453980996,28100625.57364857,284150.20753072953,725260.6461312557,668758599.3534769,857023.2993045616,2054.512778812663,NA,415.66466924114184,0.7290323320496306,204765199.72415528,435892774.055673,845423173.5039836,435892774.055673,Buyers
AUS,Northeast Australian Shelf,136120.83307229725,7293542.8245129,144182.60161745088,136120.83307229725,7293542.8245129,144182.60161745088,82.45316991380297,NA,82.45316991380297,0.9191019767528568,0,0,0,0,Doesn't participate
AUS,East Central Australian Shelf,275007.7467317238,37203.00345494164,307917.0893021181,275007.7467317238,37203.00345494164,307917.0893021181,0.9902189275464746,NA,0.9902189275464746,0.8268409458539647,0,0,0,0,Doesn't participate
VGB,Tropical Northwestern Atlantic,53835.754159236065,109869.84418106079,66245.10577936248,45127.69473405575,6949.730915255919,55311.84883748893,2.443908907477645,NA,57.342775792892354,0.026889303363170636,499344.2992092977,-602264.4124751026,396424.1859434928,396424.1859434928,Sellers
ROU,Black Sea,25390.383724366795,1283437.2085723877,35362.18641721623,18534.98011878776,397035.85390067945,26831.488012190664,86.2220392222058,NA,1219.924800506409,0.5763937645274678,8363076.87592692,-9249478.230598629,7476675.521255212,7476675.521255212,Sellers
COK,Central Polynesia,688748.3151198874,169866.19901275635,850148.125635727,555917.5915424573,40713.59593202723,685241.568087063,0.11525939867700176,NA,4.498330002697213,0.9197282614709434,597516.4291483335,-726669.0322290626,468363.82606760436,468363.82606760436,Sellers
BGR,Black Sea,19032.292111818486,3329951.580181122,29348.113823463595,15132.643493108168,1067895.7847914458,23722.791785471258,200.85329852196654,NA,1219.924800506409,0.5763937645274678,4757278.063225278,-7019333.858614953,2495222.2678356017,2495222.2678356017,Sellers
TTO,Tropical Northwestern Atlantic,31745.922008180347,46518.197036743164,36220.91879341097,34164.21471247781,303606.9587749415,38980.4506829124,106.31002660733931,NA,57.342775792892354,0.026889303363170636,138671.61634411692,118417.14539408142,395760.37808231526,118417.14539408142,Buyers
EGY,Mediterranean Sea,134221.0120830239,29813126.35673523,171747.69529849515,101069.20615881258,6726370.549744258,129769.10899662923,498.0666691944415,NA,901.8501845280258,0.3784784129858292,29897962.29018728,-52984718.09717825,6811206.483196309,6811206.483196309,Sellers
COK,Southeast Polynesia,688651.1094844858,128917.62403869629,860257.2557940168,544411.3897477787,39977.46675458957,680494.8729829345,0.11814996064310933,NA,2.8749606119355158,0.35773832342799095,414683.51291965094,-503623.67020375765,325743.3556355442,325743.3556355442,Sellers
IDN,Western Coral Triangle,2007032.522677675,703504981.8969158,2370564.4844653867,1909540.6883612038,493530809.38604844,2265063.962011347,1992.9440766927914,NA,2239.881444747154,0.5386888092669133,218370150.69982752,-428344323.2106949,8395978.188960195,8395978.188960195,Sellers
SUR,North Brazil Shelf,92104.95775512588,5584036.97592926,109739.62579135505,78153.83763997475,1104894.0830690146,92418.21150639023,177.56672620819927,NA,538.7897761471561,0.47765698644958055,7516720.883844366,-11995863.776704613,3037577.9909841204,3037577.9909841204,Sellers
AUS,Southeast Australian Shelf,570606.0754201724,1094434.2695245552,666365.813850985,570606.0754201724,1094434.2695245552,666365.813850985,49.101433500592385,NA,49.101433500592385,0.14441144030397468,0,0,0,0,Doesn't participate
AGO,Gulf of Guinea,167167.18171402023,1280546.000541687,181418.64877339147,261576.44972187435,15910530.26510378,284740.7775197161,192.81373047886945,NA,119.15237719659616,0.8452606860282503,11249088.712526372,3380895.552035721,25879072.977088466,3380895.552035721,Buyers
URY,Warm Temperate Southwestern Atlantic,77307.22444052198,34786610.69869232,94954.36063803885,72507.38583757775,29178628.886798494,88961.20280941138,1140.9886291796072,NA,1220.0574444514516,0.019076950508549295,5856078.819687568,-11464060.631581396,248097.00779373944,248097.00779373944,Sellers
SOM,Somali/Arabian,392761.47902939684,4521894.81149292,431177.6412106505,286715.87969145965,36436.58383827066,312817.1998082826,1.1298586493473237,NA,255.00721394961434,0.5138426260169948,27042392.83878443,-31527851.066439077,22556934.61112978,22556934.61112978,Sellers
COL,Tropical Northwestern Atlantic,296160.39658016915,845906.4720916748,329774.29106694856,253946.66221389236,77393.02713690537,282254.4008798306,0.7374563949651082,NA,57.342775792892354,0.026889303363170636,2420652.705146125,-3189166.1501008943,1652139.2601913556,1652139.2601913556,Sellers
MUS,Central Indian Ocean Islands,489868.41835302685,523481.86536967615,553955.6990883631,409693.1662070312,43396.28908311088,464077.8672411922,0.4156600445419936,NA,11.652538699929531,0.3242797022574362,934245.2284078228,-1414330.804694388,454159.6521212575,454159.6521212575,Sellers
NFK,Lord Howe and Norfolk Islands,208916.3240544015,21957.586471557617,234125.32226583568,209475.64475599583,22190.853903918436,234752.1596214145,0.4170548876447813,NA,0.32203959245699504,0.8604460162488222,180.12341079419502,53.144021566623906,413.3908431550153,53.144021566623906,Buyers
AUS,Lord Howe and Norfolk Islands,221859.03497129004,29644.27851072102,248574.51293834083,219623.06615554445,28924.465361380862,246069.5748861499,0.3206997845097807,NA,0.32203959245699504,0.8604460162488222,720.070486169257,-1439.8836355094131,0.2573368291014049,0.2573368291014049,Sellers
SLE,Gulf of Guinea,105889.62515858558,615995.8203659058,119268.2356956604,105505.38751220124,598176.1939084737,118829.6861206646,46.37657612447404,NA,119.15237719659616,0.8452606860282503,45782.82897511913,-63602.455432551185,27963.20251768711,27963.20251768711,Sellers
IDN,Tropical Northwestern Pacific,14759.197683869133,66918.37553405762,18442.260165455256,10774.214309224468,37685.693413751724,13464.3412948998,6.775985318379675,NA,8.289276888255825,0.2901318171865974,33032.63058752573,-62265.312707831625,3799.9484672198378,3799.9484672198378,Sellers
SOM,Red Sea and Gulf of Aden,107281.97065293751,8572691.51045227,135542.49433948728,78315.83857664438,990499.3403459379,99075.31672910196,109.7877190722605,NA,1037.7780648937924,0.3192758833388174,30060416.49359349,-37642608.66369982,22478224.32348716,22478224.32348716,Sellers
SOM,Western Indian Ocean,139289.26640969375,23019.494522094727,150767.28786682762,136868.05362071682,18543.481686575582,148077.16004104383,1.8486656174529794,NA,7.600497645331689,0.8036925880788697,18402.42210146615,-22878.434936985293,13926.409265947004,13926.409265947004,Sellers
AUS,Subantarctic Islands,7493.677267177685,3513.21199798584,9308.335809197008,12280.682612088127,35869.06043465931,15021.396582092668,7.976077096730363,NA,2.339776124736628,0.8712528463025446,11200.52081500808,21155.32762166539,43556.36925168155,21155.32762166539,Buyers
CXR,Java Transitional,257300.2186752433,939691.2937927246,286539.5474295899,214001.3719129312,293465.34052445955,238439.60288945388,12.670712450308905,NA,17.42948595058722,0.9574357398430624,754676.6413203474,-1400902.5945886127,108450.68805208238,108450.68805208238,Sellers
RUS,Cold Temperate Northwest Pacific,1677486.480316844,759741726.3656693,2038597.8740529066,1629015.8070045798,602312050.4204869,1981632.352648984,2983.8771122127537,NA,3492.968549828717,0.6644932837917017,169306537.4687612,-326736213.4139435,11876861.523578882,11876861.523578882,Sellers
CCK,Java Transitional,387512.0341698303,420373.58432006836,439239.7955976314,288929.571245252,46298.09555322644,327838.2406788356,0.22928622863437978,NA,17.42948595058722,0.9574357398430624,1718241.6525182237,-2092317.1412850656,1344166.163751382,1344166.163751382,Sellers
AGO,Benguela,51928.77115073199,32774.90653991699,59173.220665546665,43966.87638985817,12670.526011318818,49489.89650143327,0.7923317920047792,NA,15.686304773326494,0.6041329343509092,124892.70779221827,-144997.08832081643,104788.32726362009,104788.32726362009,Sellers
AUS,Southwest Australian Shelf,578003.4369045282,3237791.471926084,666164.6518351336,578003.4369045282,3237791.471926084,666164.6518351336,57.88605003779649,NA,57.88605003779649,0.6613852078188946,0,0,0,0,Doesn't participate
PRT,Lusitanian,1128662.7357762954,9185351.606124878,1309270.564535469,918020.2481945498,4937554.452401777,1057833.9803231724,12.124042002351645,NA,71.11308976023128,0.5979940856663997,14979438.126719076,-19227235.28044218,10731640.972995974,10731640.972995974,Sellers
PAN,Tropical Northwestern Atlantic,94967.49917326735,360689.3679046631,117950.0723419578,85128.90851578419,80091.43281674049,105975.2107454186,17.19044053847985,NA,57.342775792892354,0.026889303363170636,564172.0981901023,-844770.0332780249,283574.16310217965,283574.16310217965,Sellers
SHN,Tristan Gough,421414.94193311525,57908.51092896698,479199.554781341,421414.94193311525,57908.51092896698,479199.554781341,0.16615003989715815,NA,0.16615003989715815,0.38488192615256345,0,0,0,0,Doesn't participate
IND,Central Indian Ocean Islands,241970.11486289257,1021332.9381256104,290377.6110299981,240175.44179889566,1001047.0159097641,288195.96604559856,11.30340819328254,NA,11.652538699929531,0.3242797022574362,20912.497331945186,-41198.41954779143,626.5751160989748,626.5751160989748,Sellers
VUT,Tropical Southwestern Pacific,403112.53242614085,307303.1100921631,459511.62393342215,388146.12526621163,234460.33892107973,441944.2630649144,4.309117851555387,NA,5.573068804921448,0.7367731009215477,83408.81686475455,-156251.58803583792,10566.045693671185,10566.045693671185,Sellers
KEN,Western Indian Ocean,71174.19105200836,36033.255126953125,76782.2968321665,70699.76270379496,33962.52274538941,76249.82629252778,4.364689398012671,NA,7.600497645331689,0.8036925880788697,3605.891543474588,-5676.623925038302,1535.159161910873,1535.159161910873,Sellers
AUS,West Central Australian Shelf,227204.37073079095,307881.19588335726,252837.94256685433,227204.37073079095,307881.19588335726,252837.94256685433,25.339071904846676,NA,25.339071904846676,0.012595726288232911,0,0,0,0,Doesn't participate
NIC,Tropical Northwestern Atlantic,64063.01616669766,481013.7381591797,74813.38936495758,90872.53715495406,6307145.919352259,104812.67493562453,592.4955484421174,NA,57.342775792892354,0.026889303363170636,1537332.3511444286,4288799.8300486505,7363464.532337507,4288799.8300486505,Buyers
ZAF,Western Indian Ocean,62953.246444600474,78492.21661376953,67916.3663962538,47791.9434520466,15073.20170262688,51369.68315383538,2.6670657229084327,NA,7.600497645331689,0.8036925880788697,115233.447695066,-178652.46260620866,51814.43278392335,51814.43278392335,Sellers
IDN,Java Transitional,258308.71085765425,3628111.8551240694,291674.26975169015,400190.0205445448,6590070.508650828,451470.9080140941,33.32927943943026,NA,17.42948595058722,0.9574357398430624,2472918.293838573,489040.3596881856,5434876.947365332,489040.3596881856,Buyers
AUS,Northwest Australian Shelf,485332.0254717648,9342759.290411906,533271.1712253963,471509.56524929777,8260107.111939135,518171.91187933664,68.96596569294316,NA,81.24808971461461,0.5644570477781589,1123048.4882316925,-2205700.666704464,40396.309758921154,40396.309758921154,Sellers
NZL,Southern New Zealand,871713.5446255127,4830475.820358005,1027079.982214614,871713.5446255127,4830475.820358005,1027079.982214614,87.57008438140268,NA,87.57008438140268,0.8448948571152797,0,0,0,0,Doesn't participate
CAN,Cold Temperate Northwest Atlantic,627246.0867585517,185315195.8907318,743558.312981225,570728.7310376238,136895772.79563162,674182.31415825,751.17974241227,NA,951.8141763106624,0.36030187371515854,53794020.38277162,-102213443.4778718,5374597.287671417,5374597.287671417,Sellers
NZL,Northern New Zealand,728402.8056574466,734704.7979721465,828716.849498524,728402.8056574466,734704.7979721465,828716.849498524,1.8660997029287385,NA,1.8660997029287385,0.15337287140332123,0,0,0,0,Doesn't participate
JPN,Tropical Northwestern Pacific,742451.8419780313,1981301.3034362793,809744.4993150141,755090.5157326434,2087066.5955799746,823568.981559656,8.432656454065409,NA,8.289276888255825,0.2901318171865974,104765.46625231155,999.8258913837344,210530.7583960069,999.8258913837344,Buyers
ESP,Lusitanian,394459.66260104266,5380888.673065186,468775.7894159726,409556.53815290425,6513610.039316638,486421.79157623224,82.21370398647976,NA,71.11308976023128,0.5979940856663997,1073585.4662185747,59135.900032878155,2206306.8324700277,59135.900032878155,Buyers
BEN,Gulf of Guinea,30558.342522386207,68983.34747314453,33737.73488450098,28416.602014050204,40121.91930212547,31351.418200147706,13.475688608720658,NA,119.15237719659616,0.8452606860282503,255193.472906481,-284054.9010775001,226332.04473546194,226332.04473546194,Sellers
COD,Gulf of Guinea,8354.02768067918,1992.7722473144531,9171.259344304224,7784.711162114405,1730.449962291673,8500.669893704748,0.4607670363826514,NA,119.15237719659616,0.8452606860282503,67835.4165642831,-68097.73884930588,67573.09427926033,67573.09427926033,Sellers
TLS,Western Coral Triangle,29633.229644081002,394103.2027282715,33390.19308655164,29968.46502954302,1155002.131263888,33743.456685617726,2269.745264172971,NA,2239.881444747154,0.5386888092669133,750887.5195190294,10011.409016587073,1511786.448054646,10011.409016587073,Buyers
GTM,Tropical East Pacific,58458.00306411298,35848.14682006836,72156.07632904337,65041.77224084041,218618.56641660517,79917.48052568569,31.046689523624313,NA,5.519350855037291,0.5931738412368439,36338.1320349387,146432.28756159812,219108.5516314755,146432.28756159812,Buyers
WLF,"Marshall, Gilbert and Ellis Islands",16268.505257298752,34142.567291259766,20982.68444469591,13519.19302543893,20247.58172234671,17455.899882749658,2.875156073188932,NA,7.706724943039736,0.8813987237701978,21188.193153478336,-35083.17872239139,7293.20758456528,7293.20758456528,Sellers
VCT,Tropical Northwestern Atlantic,24149.04095776415,384437.5922241211,26967.97896840928,21547.243378393134,236432.04025217696,24055.087471204948,56.88588272409891,NA,57.342775792892354,0.026889303363170636,149194.2952523623,-297199.84722430643,1188.743280418159,1188.743280418159,Sellers
FJI,Tropical Southwestern Pacific,644937.0107600776,480674.98251342773,726841.4779506742,638717.3391535679,452821.78013165435,719664.7836029559,3.4968093948866517,NA,5.573068804921448,0.7367731009215477,34662.65780709495,-62515.86018886833,6809.45542532159,6809.45542532159,Sellers
WSM,Central Polynesia,65175.687988556216,52125.16925048828,83844.8609018936,78843.8264367136,138376.3239862877,101432.62510406085,8.552083552365955,NA,4.498330002697213,0.9197282614709434,61483.79726236569,24767.357473433723,147734.9519981651,24767.357473433723,Buyers
LBR,Gulf of Guinea,197554.52372254137,1898184.2417080915,217532.3926943321,164876.04524549466,165291.43109459203,181828.0355840951,18.859561578860415,NA,119.15237719659616,0.8452606860282503,3893718.393707919,-5626611.204321418,2160825.5830944194,2160825.5830944194,Sellers
GLP,Tropical Northwestern Atlantic,65460.46752707491,84105.319091796875,73658.85522556532,57892.53423716566,44591.05833264455,65210.64809588905,3.2997691456537495,NA,57.342775792892354,0.026889303363170636,433966.3018588322,-473480.5626179845,394452.0410996799,394452.0410996799,Sellers
JPN,South Kuroshio,541785.5310830338,2628611.223449707,582529.5361898509,486893.5062878095,1741291.0318286514,522817.28338910633,10.934269901183628,NA,52.265896420923596,0.45628194904820873,2868980.8822819605,-3756301.073903016,1981660.6906609049,1981660.6906609049,Sellers
FJI,"Marshall, Gilbert and Ellis Islands",176557.14962017094,206424.5512084961,225104.45891903577,154358.32136730614,99912.09820422537,196550.95364718017,2.777796161656771,NA,7.706724943039736,0.8813987237701978,171080.26340260834,-277592.7164068791,64567.81039833762,64567.81039833762,Sellers
CRI,Tropical Northwestern Atlantic,19150.57217523164,8786.195007324219,24173.422300646125,21218.321787676217,353849.5043430808,26457.32860283266,166.87867199153214,NA,57.342775792892354,0.026889303363170636,118570.50242224954,226492.80691350705,463633.8117580061,226492.80691350705,Buyers
MUS,Western Indian Ocean,882159.0071516935,768700.1508178711,993349.7766928318,771175.8195842254,329513.74875403184,870636.5930215395,1.30654481180578,NA,7.600497645331689,0.8036925880788697,843527.455777946,-1282713.8578417853,404341.0537141068,404341.0537141068,Sellers
GUF,North Brazil Shelf,96643.25893842053,5051557.299743652,116108.7912366669,75552.83710726348,473194.34614545945,88226.69032177948,21.543186620778712,NA,538.7897761471561,0.47765698644958055,11363303.657258205,-15941666.610856399,6784940.703660012,6784940.703660012,Sellers
PAK,Somali/Arabian,77852.13998952508,771646.4157104492,93196.62576535338,74653.66267278383,519548.63420365576,89437.55255807423,74.79258357425641,NA,255.00721394961434,0.5138426260169948,815634.7894232242,-1067732.5709300176,563537.0079164307,563537.0079164307,Sellers
ARG,Warm Temperate Southwestern Atlantic,106423.5004031574,68632524.92315674,126089.53155075785,158099.06228669753,138936889.37682384,188379.51242739626,1521.2832914027147,NA,1220.0574444514516,0.019076950508549295,63047153.97222481,7257210.481442295,133351518.4258919,7257210.481442295,Buyers
NIC,Tropical East Pacific,28283.700537712244,16381.944946289062,33248.67473911374,38343.72457239938,1532082.1739608976,45578.79780657678,313.9550997012414,NA,5.519350855037291,0.5931738412368439,55524.80225754612,1460175.4267570623,1571225.0312721548,1460175.4267570623,Buyers
PRK,Cold Temperate Northwest Pacific,79930.69570433101,62019441.39752197,96713.92095454315,75492.51451076705,50024908.33339406,91531.04552507694,2497.149402399846,NA,3492.968549828717,0.6644932837917017,15502427.327560177,-27496960.391688094,3507894.2634322643,3507894.2634322643,Sellers
WLF,Tropical Southwestern Pacific,2413.5643748231882,664.2955322265625,2976.5055765848274,1761.9019936209274,484.9357385253906,2172.8490709069238,0.2752342299861909,NA,5.573068804921448,0.7367731009215477,3631.7592880191487,-3811.1190817203205,3452.399494317977,3452.399494317977,Sellers
BRA,Tropical Southwestern Atlantic,1325894.7882099415,4293338.47360303,1587727.658861382,1325894.7882099415,4293338.47360303,1587727.658861382,6.579146983565199,NA,6.579146983565199,0.15611909964469106,0,0,0,0,Doesn't participate
PAK,West and South Indian Shelf,44747.14482144678,9675007.530841177,53988.094843804036,56077.69992610653,29977085.45463196,67810.92902768249,3585.898525236339,NA,1182.4132906633777,0.00928425958353507,13397398.946343463,6904678.97744732,33699476.87013424,6904678.97744732,Buyers
LBY,Mediterranean Sea,276548.7461880915,23076286.488098145,355920.97773059073,204995.1299163457,1519416.6963340496,268505.26279511844,60.377317252071265,NA,901.8501845280258,0.3784784129858292,64530642.03832152,-86087511.8300856,42973772.24655742,42973772.24655742,Sellers
PER,Tropical East Pacific,79909.24073590121,49306.80041503906,91996.1469622585,64995.57480637046,35686.864194791095,73901.67076086816,0.7224843278840166,NA,5.519350855037291,0.5931738412368439,82313.75479989608,-95933.69102014405,68693.81857964811,68693.81857964811,Sellers
PER,Warm Temperate Southeastern Pacific,435674.20805452665,450410.45849609375,492916.62354442966,450031.4021344324,686052.2492101426,510274.2719161374,24.020855352582224,NA,11.869346986598481,0.8572677163444704,170410.51828833885,65231.27242571005,406052.30900238774,65231.27242571005,Buyers
COL,Tropical East Pacific,228832.44218180672,214058.99548339844,264049.54968355177,201015.1296297795,153152.890795999,230839.44616726035,1.2536019107631733,NA,5.519350855037291,0.5931738412368439,153533.50781887106,-214439.6125062705,92627.40313147163,92627.40313147163,Sellers
MEX,Tropical East Pacific,774499.5408031283,1931706.9708251953,883004.2903258976,635596.9370962534,1283807.7024833707,723010.3052821074,4.077147339693629,NA,5.519350855037291,0.5931738412368439,766652.2045364459,-1414551.4728782705,118752.93619462126,118752.93619462126,Sellers
MEX,Warm Temperate Northeast Pacific,557239.02414151,31374805.56038154,632229.0826151283,552844.7044601259,27156772.591999993,627331.3740987652,921.303434852755,NA,983.9085378837678,0.5314217468701878,4323608.6527045285,-8541641.621086076,105575.68432298303,105575.68432298303,Sellers
LKA,West and South Indian Shelf,419053.9103362359,47713855.87609863,486099.6673491036,312089.44927888195,1438877.9611115146,364749.85019877297,9.205540662019821,NA,1182.4132906633777,0.00928425958353507,126476200.38286059,-172751178.2978477,80201222.46787347,80201222.46787347,Sellers
TZA,Western Indian Ocean,161756.61445069328,172413.24645996094,173975.54914267678,160459.7601745316,166957.6673523503,172572.08925172084,4.206778824647605,NA,7.600497645331689,0.8036925880788697,9856.737872305104,-15312.31697991573,4401.158764694468,4401.158764694468,Sellers
GRD,Tropical Northwestern Atlantic,8109.699045981928,10510.563842773438,9011.414575940276,17449.554809818725,1303455.4756830968,19742.172196292333,236.2802709289753,NA,57.342775792892354,0.026889303363170636,535573.2550036468,757371.6568366765,1828518.1668439703,757371.6568366765,Buyers
MEX,Tropical Northwestern Atlantic,363937.31968519796,2619619.850538196,446326.28661255253,444639.4375392912,27576150.330403518,538440.5591274812,787.208928893243,NA,57.342775792892354,0.026889303363170636,4627683.450118844,20328847.029746477,29584213.929984167,20328847.029746477,Buyers
NCL,Tropical Southwestern Pacific,742530.5850421297,893986.7447509766,820448.6196688698,726789.4793867648,818057.4265314005,802904.4302486584,3.6467089388585663,NA,5.573068804921448,0.7367731009215477,87726.26488288684,-163655.58310246287,11796.946663310751,11796.946663310751,Sellers
UMI,Central Polynesia,604439.9151500158,1533800.0583496094,673188.3428117676,576999.166807862,1421497.5552631076,642784.0819512627,3.932684441282428,NA,4.498330002697213,0.9197282614709434,123437.54156397448,-235740.0446504762,11135.038477472728,11135.038477472728,Sellers
SLV,Tropical East Pacific,50724.80909315187,55004.03662109375,60298.35286740158,54695.74711999081,110346.2284809561,65103.83923567679,23.581919542314825,NA,5.519350855037291,0.5931738412368439,21917.000193733613,33425.19166612873,77259.19205359597,33425.19166612873,Buyers
MMR,Bay of Bengal,140894.88557437446,116948997.00476074,179351.75672910863,148949.16289844722,149991358.21314192,190300.70240683982,4347.264766610733,NA,3810.3919853067505,0.07902851618502327,30689953.763084725,2352407.4452964514,63732314.9714659,2352407.4452964514,Buyers
EGY,Red Sea and Gulf of Aden,44175.263005331966,12365121.718261719,55458.65036735846,38756.978034053966,9667542.604805509,47815.30371930908,479.1900162031813,NA,1037.7780648937924,0.3192758833388174,5622977.292536001,-8320556.405992211,2925398.1790797906,2925398.1790797906,Sellers
BRA,Warm Temperate Southwestern Atlantic,435903.343882921,99935814.04272184,522025.6007108722,389027.62060232507,51488331.736100696,465662.627354489,823.6709888682631,NA,1220.0574444514516,0.019076950508549295,57191075.15253726,-105638557.45915839,8743592.845916115,8743592.845916115,Sellers
BGD,Bay of Bengal,32759.386701809213,12961755.397287013,40887.55814457215,58747.46822453679,180688868.72878057,76005.39266108874,8561.436596229847,NA,3810.3919853067505,0.07902851618502327,99024777.5476996,68702335.78379396,266751890.87919316,68702335.78379396,Buyers
TGO,Gulf of Guinea,11056.788701996207,310839.36376953125,12272.431304208225,8071.455752457232,162088.55947840252,8952.032433471555,36.61421767812378,NA,119.15237719659616,0.8452606860282503,355709.51766089496,-504460.32195202366,206958.71336976622,206958.71336976622,Sellers
MEX,Warm Temperate Northwest Atlantic,62064.201130652036,6952409.229736328,75370.6474056021,52822.13496440361,774374.4962995732,65041.18825305348,184.3406483372745,NA,1200.5299097730565,0.29050167877742705,11095376.860682843,-17273411.594119597,4917342.127246088,4917342.127246088,Sellers
USA,Cold Temperate Northwest Atlantic,218948.30433316904,30285749.58984375,252953.66620047705,273263.9598660105,128908713.16340972,318883.64496315597,2655.2606509560187,NA,951.8141763106624,0.36030187371515854,51698410.93176519,46924552.64180078,150321374.50533116,46924552.64180078,Buyers
MMR,Andaman,79979.6466373293,5569068.404921305,106434.3422601755,120808.01016143689,90389892.27976635,164282.22417569713,3230.1047012509057,NA,696.5194777289341,0.5278684866613423,28437750.43833849,56383073.436506554,113258574.31318353,56383073.436506554,Buyers
USA,Hawaii,1269406.577013326,3834869.1524478267,1414306.1181348474,1315410.8335166739,4042091.901712124,1466158.9780270183,4.595615898141434,NA,4.415645991021701,0.23724667521987897,203138.5107989416,4084.2384653554764,410361.2600632389,4084.2384653554764,Buyers
USA,Warm Temperate Northwest Atlantic,554341.7849441648,52815350.09961651,614925.0642480603,563583.8511104132,64132066.779859096,625185.8808507797,1260.1272364847764,NA,1200.5299097730565,0.29050167877742705,11095376.860682815,221339.81955976784,22412093.5409254,221339.81955976784,Buyers
ATF,Amsterdam-St Paul,249165.97306945175,617345.8719800644,287175.87564272276,249165.97306945175,617345.8719800644,287175.87564272276,4.024610395604137,NA,4.024610395604137,0.546054939675405,0,0,0,0,Doesn't participate
BRA,North Brazil Shelf,300320.4867526319,34288810.81125552,342609.1501184242,327443.0908059381,51178718.18016908,378123.2872125734,716.8136367209404,NA,538.7897761471561,0.47765698644958055,14613381.766408807,2276525.6025047544,31503289.13532237,2276525.6025047544,Buyers
UMI,"Marshall, Gilbert and Ellis Islands",294671.4251010029,918985.07958984375,333520.18452873384,244764.49039431557,657747.123920683,276343.3981778038,4.193333772802883,NA,7.706724943039736,0.8813987237701978,384619.01853468287,-645856.9742038436,123381.06286552222,123381.06286552222,Sellers
UMI,Hawaii,310598.1368281774,845078.76806640625,350632.1187997194,264593.88032482954,662874.3438560431,298306.98438599374,3.6152405628549396,NA,4.415645991021701,0.23724667521987897,203138.51079894186,-385342.935009305,20934.086588578648,20934.086588578648,Sellers
SPM,Cold Temperate Northwest Atlantic,9831.502756318443,3234471.141603913,11667.107407914715,12033.20294440456,5507261.227719638,14233.042514518671,1119.692777906856,NA,951.8141763106624,0.36030187371515854,2095609.451006218,177180.63510950631,4368399.537121942,177180.63510950631,Buyers
PAN,Tropical East Pacific,82876.42747414028,196370.42749023438,100961.7003242008,107862.40503774163,934387.7850754549,131650.93148473962,139.06269336513517,NA,5.519350855037291,0.5931738412368439,137906.3766296057,600110.9809556148,875923.7342148261,600110.9809556148,Buyers
NGA,Gulf of Guinea,99416.40045364187,1196921.1096191406,110542.83474658168,114181.78123560389,30834666.94100669,128979.45000055444,4969.611123474893,NA,119.15237719659616,0.8452606860282503,1759330.2203837114,27878415.61100384,31397076.05177126,27878415.61100384,Buyers
CHL,Warm Temperate Southeastern Pacific,544511.0590533867,3003178.165067157,618537.2115790503,530153.864973481,2844784.512921828,602312.8687835847,10.455011605309673,NA,11.869346986598481,0.8572677163444704,170410.51828833748,-328804.17043366644,12016.866143008694,12016.866143008694,Sellers
IND,Bay of Bengal,350456.5018091876,68943185.13012695,419746.3368662192,321904.52306387504,7016991.95098737,384129.0038098339,808.2091956259105,NA,3810.3919853067505,0.07902851618502327,108794230.97578761,-170720424.1549272,46868037.796648026,46868037.796648026,Sellers
PYF,Marquesas,486598.884129879,868608.0822913634,538769.8830408937,486598.884129879,868608.0822913634,538769.8830408937,2.3391915074864884,NA,2.3391915074864884,0.6748515421278742,0,0,0,0,Doesn't participate
CHL,Juan Fernandez and Desventuradas,343240.332060233,1437549.4795850902,384980.6001263614,343240.332060233,1437549.4795850902,384980.6001263614,6.706631579313288,NA,6.706631579313288,0.028785073389957727,0,0,0,0,Doesn't participate
PRI,Tropical Northwestern Atlantic,105628.77952380407,341185.1540527344,120211.76884362834,100371.41111423976,300811.51472598076,114390.45875158907,5.77890116366721,NA,57.342775792892354,0.026889303363170636,301472.0979702814,-341845.737297035,261098.45864352776,261098.45864352776,Sellers
REU,Western Indian Ocean,250511.6508408491,590115.18505859375,280321.9165237971,195661.27917646494,393134.64586619276,219042.79070893873,2.5892236201651055,NA,7.600497645331689,0.8036925880788697,416890.12068071973,-613870.6598731207,219909.58148831874,219909.58148831874,Sellers
MOZ,Western Indian Ocean,298450.1700921605,1124803.9106445312,319968.527124559,371397.65880585706,3053532.3694411186,399363.29732993257,144.76878872887445,NA,7.600497645331689,0.8036925880788697,554437.2162013105,1374291.2425952768,2483165.674997898,1374291.2425952768,Buyers
GUM,Tropical Northwestern Pacific,131198.46026578866,371778.5146484375,161903.32615505278,120449.5226896987,308577.7690279445,148666.63689316635,4.3667580705720255,NA,8.289276888255825,0.2901318171865974,89100.91982278707,-152301.66544328007,25900.17420229403,25900.17420229403,Sellers
VEN,Tropical Northwestern Atlantic,239161.1071159048,749800.8625488281,262754.9208174408,276679.2915910187,6034515.143031048,303941.8890906522,260.7717171271033,NA,57.342775792892354,0.026889303363170636,2151396.8405128294,3133317.43996939,7436111.120995048,3133317.43996939,Buyers
TUV,"Marshall, Gilbert and Ellis Islands",423573.0356721579,1659546.7937818423,548454.9462839293,382441.3065091985,1422946.7027251108,495429.904816869,5.111118778508329,NA,7.706724943039736,0.8813987237701978,316990.923090534,-553591.0141472656,80390.83203380252,80390.83203380252,Sellers
FJI,Central Polynesia,2404.0569839908076,3462.292236328125,2962.463477036798,1754.9615983132894,2527.473332519531,2162.598338236862,1.4401872581991026,NA,4.498330002697213,0.9197282614709434,2919.845248005499,-3854.6641518140927,1985.026344196905,1985.026344196905,Sellers
MDV,Central Indian Ocean Islands,467281.17460708617,1215704.8208007812,568267.7712164533,549251.0998170787,2486411.1025169836,665474.6080410333,16.174080886019954,NA,11.652538699929531,0.3242797022574362,955157.725739767,315548.5559764354,2225864.007455969,315548.5559764354,Buyers
MTQ,Tropical Northwestern Atlantic,34516.24960522643,143944.27124023438,38651.09442163167,33184.902890561345,124973.71981551452,37151.8342486252,14.249144280565623,NA,57.342775792892354,0.026889303363170636,76343.11616164393,-95313.6675863638,57372.564736924076,57372.564736924076,Sellers
KIR,"Marshall, Gilbert and Ellis Islands",255969.6861690632,1604221.8076171875,304419.5984044583,596430.4699699818,4737109.074693392,709635.4821579723,11.063600192391366,NA,7.706724943039736,0.8813987237701978,2623837.6146453987,509049.65243080584,5756724.881721603,509049.65243080584,Buyers
ASM,Central Polynesia,189047.65150699145,592938.4270019531,248223.7741992872,200382.81110902244,644952.0153419373,262938.2238034252,4.653228018568474,NA,4.498330002697213,0.9197282614709434,50989.28852317743,1024.299816806757,103002.87686316157,1024.299816806757,Buyers
BES,Tropical Northwestern Atlantic,11114.465963429231,139471.6318359375,12018.615038715481,15306.197907330095,652768.554000905,16574.030256013953,161.4591287597247,NA,57.342775792892354,0.026889303363170636,240365.5450430121,272931.3771219554,753662.4672079796,272931.3771219554,Buyers
USA,Tropical Northwestern Atlantic,129395.07768285125,1665450.9541015625,143149.0873485924,170195.00574518729,18140782.10288548,188879.57540965348,822.0395055270199,NA,57.342775792892354,0.026889303363170636,2339581.1272446723,14135750.021539247,18814912.276028592,14135750.021539247,Buyers
GNQ,Gulf of Guinea,262893.54348584893,2823663.1748046875,285904.0378904173,198135.3543041728,511595.41809555265,211618.82873836707,7.942028476205376,NA,119.15237719659616,0.8452606860282503,7716092.183943608,-10028159.940652743,5404024.427234473,5404024.427234473,Sellers
COM,Western Indian Ocean,129525.84012760996,445845.9013671875,138805.49271887663,113418.44550060632,360138.53286807734,121485.15211008475,4.718532747196771,NA,7.600497645331689,0.8036925880788697,122424.21493496947,-208131.58343407963,36716.846435859276,36716.846435859276,Sellers
SYC,Western Indian Ocean,806313.0451908516,3258534.9599609375,881776.0420644885,794188.371871825,3171255.2229048945,868714.2265207848,6.978331507619371,NA,7.600497645331689,0.8036925880788697,92153.5510116776,-179433.2880677206,4873.813955634832,4873.813955634832,Sellers
CAN,Cold Temperate Northeast Pacific,213463.83630971523,13602008.61694336,257932.6287368795,224704.4939658572,23312386.981213674,270580.54211379716,929.0749948833324,NA,759.4118166124073,0.7132239091172075,8536288.250568934,1174090.1137013808,18246666.61483925,1174090.1137013808,Buyers
ASM,Tropical Southwestern Pacific,7037.259484027765,20539.193359375,8834.764167565252,5137.199423340268,12459.53761185686,6473.971967984994,4.252315973945943,NA,5.573068804921448,0.7367731009215477,10589.165451694642,-18668.821199212784,2509.509704176502,2509.509704176502,Sellers
GIN,Gulf of Guinea,39534.766829513756,646016.27490234375,42594.56174145579,61508.7150440753,11818851.87863317,66287.21826131138,1323.1677637328203,NA,119.15237719659616,0.8452606860282503,2618248.1661599083,8554587.437570918,13791083.769890733,8554587.437570918,Buyers
FRA,Tropical East Pacific,256150.15499396325,1036645.7536412503,286369.01173106866,280543.73475030274,1179843.0367955167,313726.07743835583,6.1896170526890035,NA,5.519350855037291,0.5931738412368439,134636.7252855727,8560.557868693722,277834.0084398391,8560.557868693722,Buyers
GNB,Gulf of Guinea,48544.018788485264,366638.318359375,51490.419076446255,70395.36223063678,9330099.021412257,74853.224176406,735.9334392169666,NA,119.15237719659616,0.8452606860282503,2603639.516071605,6359821.186981278,11567100.219124487,6359821.186981278,Buyers
MDG,Western Indian Ocean,654555.5728906596,3271304.1254882812,714566.1896311014,790186.4303478644,4616607.256496209,861395.1060266746,16.674790437909657,NA,7.600497645331689,0.8036925880788697,1030862.0127378034,314441.1182701241,2376165.1437457306,314441.1182701241,Buyers
VIR,Tropical Northwestern Atlantic,31711.679885555113,155928.21923828125,35289.107387967175,27063.187215623162,91804.6174341765,30184.848038814263,5.910433185133167,NA,57.342775792892354,0.026889303363170636,266557.47294681147,-330681.0747509162,202433.87114270672,202433.87114270672,Sellers
DMA,Tropical Northwestern Atlantic,23939.96109632705,89907.1953125,26689.806419683417,21450.444160922205,73411.30890230417,23914.961643433002,6.626139463282372,NA,57.342775792892354,0.026889303363170636,142755.8114595285,-159251.6978697243,126259.92504933265,126259.92504933265,Sellers
FRA,Lusitanian,66620.25668412042,475766.34423828125,74623.19962881526,117351.02552786046,61643504.83787353,134476.3843635098,1861.788911711761,NA,71.11308976023128,0.5979940856663997,3607621.7183904294,57560116.775244825,64775360.21202568,57560116.775244825,Buyers
KIR,Southeast Polynesia,7869.068654829409,20805.466796875,9143.172542146796,353469.40326718736,1442620.7184157406,422324.8477821246,4.9713279745271075,NA,2.8749606119355158,0.35773832342799095,993587.3494822637,428227.902136602,2415402.6011011293,428227.902136602,Buyers
KIR,Central Polynesia,883371.6060933062,3248560.43023788,997410.6404324485,1101320.6474120326,4286156.492680305,1246885.5390426628,5.167941882875879,NA,4.498330002697213,0.9197282614709434,980406.7116231215,57189.35081930319,2018002.7740655462,57189.35081930319,Buyers
NRU,"Marshall, Gilbert and Ellis Islands",200035.12398757582,778196.55517578125,246073.51022866153,184463.2440718422,692837.4343852497,226555.59200043336,4.593353454815959,NA,7.706724943039736,0.8813987237701978,120008.19535660378,-205367.31614713528,34649.07456607232,34649.07456607232,Sellers
NZL,Lord Howe and Norfolk Islands,0,0,0,1676.6481141512763,4510.747348632813,1901.6598532489886,2.6903363386515746,NA,0.32203959245699504,0.8604460162488222,539.9470753750663,3970.800273257746,5050.694424007879,3970.800273257746,Buyers
MHL,"Marshall, Gilbert and Ellis Islands",1334496.5628776336,5284612.451171875,1563074.1244658234,1125594.4633468203,4248777.282242272,1317172.0018038235,4.431659501251064,NA,7.706724943039736,0.8813987237701978,1609951.0211074883,-2645786.1900370913,574115.8521778854,574115.8521778854,Sellers
ASM,Southeast Polynesia,2309.1479408193536,6413.25244140625,2955.1053658909827,1685.677996798128,4681.674282226562,2157.2269171004173,2.7773241930660535,NA,2.8749606119355158,0.35773832342799095,1792.4515317866642,-3524.029690966352,60.87337260697677,60.87337260697677,Sellers
PLW,Tropical Northwestern Pacific,401526.2974859598,1686333.0615234375,492016.98129706434,331261.7331308114,1290574.371880868,405352.8335265658,4.6261353526618265,NA,8.289276888255825,0.2901318171865974,582442.4293724953,-978201.1190150648,186683.73972992576,186683.73972992576,Sellers
ECU,Galapagos,546826.3457956263,11742591.227125129,602652.8000009314,547554.6049300033,11767665.251929726,603451.4873940682,34.43008624402079,NA,34.43008624402079,0.04565821036423201,25074.024804596163,1.5570549294352531e-9,50148.04960919358,1.5570549294352531e-9,Doesn't participate
IND,West and South Indian Shelf,321170.86130121973,48910123.35839844,379262.8312156063,418927.590467673,418516277.36588055,493191.7217750278,5188.6466336358935,NA,1182.4132906633777,0.00928425958353507,115588855.81819463,254017298.18928748,485195009.82567674,254017298.18928748,Buyers
USA,Warm Temperate Northeast Pacific,56717.91557583768,6641882.662109375,65518.2552610888,61112.23525722185,11301041.108926184,70500.29457578319,1107.3441743962617,NA,983.9085378837678,0.5314217468701878,4323608.652704565,335549.7941122446,8982767.099521374,335549.7941122446,Buyers
SLB,Eastern Coral Triangle,608287.3115307683,6524144.865234375,736617.6490469974,554497.0281016192,3997726.114284805,670536.3688125064,32.20148899421156,NA,65.08545559407982,0.1833903346166187,3500965.1035208493,-6027383.854470419,974546.3525712793,974546.3525712793,Sellers
MHL,Tropical Northwestern Pacific,55137.408741389445,287522.13330078125,67042.14479262326,42087.271056454825,188392.669293378,51153.14401205467,6.408406789613298,NA,8.289276888255825,0.2901318171865974,108176.20470028493,-207305.66870768816,9046.740692881693,9046.740692881693,Sellers
LCA,Tropical Northwestern Atlantic,2633.169303797879,8601.0927734375,2989.645503584728,5908.639679416039,1148319.4136023547,6572.392057485443,576.0765512586053,NA,57.342775792892354,0.026889303363170636,187824.56336533307,951893.7574635842,1327542.8841942502,951893.7574635842,Buyers
ATF,Western Indian Ocean,158145.39244014354,874831.6284338556,169219.67300174237,162986.471853031,913302.6386221071,174411.98429004537,8.126869812723148,NA,7.600497645331689,0.8036925880788697,36794.612678514815,1676.3975097366856,75265.6228667663,1676.3975097366856,Buyers
IRN,Somali/Arabian,29403.161416536183,2053624.6948242188,36439.34147320415,89176.0522958879,77743187.61514886,109934.20028601625,1701.875752218497,NA,255.00721394961434,0.5138426260169948,15242518.372857796,60447044.547466844,90932081.29318243,60447044.547466844,Buyers
BRN,Western Coral Triangle,14865.431281148492,10125687.575195312,18373.655358905628,14389.626438653711,9235634.275540356,17786.55152155226,1870.6268204168616,NA,2239.881444747154,0.5386888092669133,1065746.4380249023,-1955799.7376798592,175693.1383699458,175693.1383699458,Sellers
FSM,Tropical Northwestern Pacific,1323387.0408997783,8517109.822431616,1654488.0050588609,1530965.9757148759,10327281.205711583,1914545.0970107247,9.19901841189815,NA,8.289276888255825,0.2901318171865974,1720679.2668515511,89492.11642841506,3530850.650131517,89492.11642841506,Buyers
PLW,Western Coral Triangle,30168.83598138138,438783.30859375,36804.53561840329,22023.250266408406,137750.6469306634,26830.35800299097,8.008144163878518,NA,2239.881444747154,0.5386888092669133,18245146.299565446,-18546178.96122853,17944113.63790236,17944113.63790236,Sellers
TUV,Central Polynesia,9484.874871295071,37373.6337890625,12094.2340905375,10272.445979249203,42832.52879449231,13110.391212496867,6.931304297856157,NA,4.498330002697213,0.9197282614709434,3542.7547441675597,1916.1402612622514,9001.649749597367,1916.1402612622514,Buyers
CIV,Gulf of Guinea,134519.4912048041,2543775.7578125,150556.2297174392,111168.42925332725,814371.0671483757,124592.30331969055,45.316735246947644,NA,119.15237719659616,0.8452606860282503,2782334.5415834542,-4511739.232247578,1052929.85091933,1052929.85091933,Sellers
SEN,Gulf of Guinea,19948.904471146,142017.783203125,21103.06819939537,18685.647799370978,127159.90508109432,19771.306498823524,11.761567109836541,NA,119.15237719659616,0.8452606860282503,150520.03545145426,-165377.91357348493,135662.1573294236,135662.1573294236,Sellers
IDN,Sahul Shelf,52953.893635219705,21236087.20062255,58253.01966055859,256211.92747709856,217648228.39206576,282942.90969653847,1733.7852789402452,NA,551.538101390646,0.1314941304048488,112104550.07754555,84307591.11389765,308516691.2689887,84307591.11389765,Buyers
MSR,Tropical Northwestern Atlantic,2639.4597188736343,10560.8984375,2955.1053658909827,3922.9425123222622,1013781.7572299902,4338.607468229737,781.6395076843269,NA,57.342775792892354,0.026889303363170636,73598.46605875983,929622.3927337304,1076819.32485125,929622.3927337304,Buyers
SEN,West African Transition,71221.09176701013,461563.80078125,77631.68051900026,77470.11173436404,569753.220494084,84634.22709944476,22.788395812278935,NA,13.611015639891646,0.9540509766992304,85055.50850964915,23133.91120318479,193244.92822248308,23133.91120318479,Buyers
SLB,Tropical Southwestern Pacific,64184.33717496001,324324.29329830525,77801.74142665212,273336.34737452876,1708343.4197370985,336108.24129160115,7.932293277288868,NA,5.573068804921448,0.7367731009215477,1165618.5435298292,218400.58290896402,2549637.6699686227,218400.58290896402,Buyers
MRT,West African Transition,72065.23505777192,494522.6279296875,85009.42726896635,90661.68592973039,891431.4970162725,107420.20608355288,33.13800584390804,NA,13.611015639891646,0.9540509766992304,253116.58366470336,143792.28542188165,650025.4527512884,143792.28542188165,Buyers
MYS,Western Coral Triangle,22385.645635049194,16075294.0703125,27558.63229999743,48695.32138273217,150629508.09392273,59750.75225232152,9026.169848781421,NA,2239.881444747154,0.5386888092669133,58930554.5245493,75623659.49906093,193484768.54815954,75623659.49906093,Buyers
LKA,Bay of Bengal,20334.741116621477,179263.6259765625,24178.742838253424,14844.361015133678,112191.74259673594,17631.06969290973,10.210039553582757,NA,3810.3919853067505,0.07902851618502327,20920500.33499677,-20987572.2183766,20853428.451616943,20853428.451616943,Sellers
KNA,Tropical Northwestern Atlantic,5315.733607170315,56325.7958984375,5895.046496741615,5889.774973129131,279844.2017905392,6508.143467772474,389.3768274325685,NA,57.342775792892354,0.026889303363170636,32917.12534402204,190601.28054807967,256435.53123612373,190601.28054807967,Buyers
YEM,Red Sea and Gulf of Aden,312435.8099126756,24004588.425289433,361880.83341638127,266867.9173934939,3157902.662571545,307378.61670140707,40.3452822645756,NA,1037.7780648937924,0.3192758833388174,47289359.319844715,-68136045.0825626,26442673.557126828,26442673.557126828,Sellers
JPN,Warm Temperate Northwest Pacific,565467.2927440054,335847117.83022285,625364.2963933813,470624.3363871535,72550133.3522546,516247.0883097146,1482.3830465131916,NA,3886.6696256372406,0.35447610089588555,368623237.67781496,-631920222.1557832,105326253.19984671,105326253.19984671,Sellers
FSM,Eastern Coral Triangle,35875.410923939,422820.8125,46156.966164841244,26189.049974475474,168920.4135791072,33710.10770873822,7.617555542856155,NA,65.08545559407982,0.1833903346166187,630441.2154445372,-884341.6143654301,376540.81652364443,376540.81652364443,Sellers
OMN,Red Sea and Gulf of Aden,10473.8369646287,65606.7412109375,11932.754216480509,7645.900984178952,45503.59954874356,8694.558419763018,7.038744332889864,NA,1037.7780648937924,0.3192758833388174,2934769.929434668,-2954873.0710968617,2914666.787772474,2914666.787772474,Sellers
STP,Gulf of Guinea,105839.2957570838,1305120.3076171875,116911.13434663943,87338.28193672835,828664.8893642296,96460.55143696722,14.529150906803237,NA,119.15237719659616,0.8452606860282503,2204439.7772424314,-2680895.1954953894,1727984.3589894734,1727984.3589894734,Sellers
GMB,West African Transition,8469.943537957803,63872.462890625,8987.627881714818,12103.98971687348,2222163.4230392687,12926.392542015838,2389.554304011021,NA,13.611015639891646,0.9540509766992304,49463.059377309764,2108827.900771334,2207754.0195259536,2108827.900771334,Buyers
TWN,South Kuroshio,26243.76206581501,271648.1015625,28531.592783084183,44221.64185850335,3995007.8904757025,48237.26634505345,736.822115126667,NA,52.265896420923596,0.45628194904820873,939630.0031124642,2783729.7858007383,4662989.792025667,2783729.7858007383,Buyers
YEM,Somali/Arabian,58398.44493407194,1503872.5517578125,68581.37826879535,57808.83716364881,1405656.926947659,67877.36250714186,166.57790099962475,NA,255.00721394961434,0.5138426260169948,150354.2348586458,-248569.85966879918,52138.61004849244,52138.61004849244,Sellers
CPV,West African Transition,557125.4437983703,6005783.603092651,599893.9265998631,528645.9267801422,5621091.058516014,569003.187794933,13.346970021095466,NA,13.611015639891646,0.9540509766992304,387635.15155166254,-772327.696128299,2942.6069750264287,2942.6069750264287,Sellers
KOR,Cold Temperate Northwest Pacific,185514.5523912993,197028528.32714844,227420.62296069216,149762.56901055045,101802605.45583709,183449.47960940085,2162.9495878597045,NA,3492.968549828717,0.6644932837917017,124880553.54295474,-220106476.4142661,29654630.67164339,29654630.67164339,Sellers
IDN,Andaman,435680.6349304037,20432454.626953125,562070.0835569057,432052.53116614895,18004537.672427587,557903.926573139,653.0687459677151,NA,696.5194777289341,0.5278684866613423,2527044.9390251157,-4954961.893550653,99127.98449957743,99127.98449957743,Sellers
RUS,Black Sea,45270.34496882969,8934505.5341796875,68333.8060838424,33047.35182724567,3190509.272035853,52030.84248891302,277.7168261361644,NA,1219.924800506409,0.5763937645274678,14911132.469838088,-20655128.731981922,9167136.207694255,9167136.207694255,Sellers
JPN,Cold Temperate Northwest Pacific,556906.302509878,272196698.63144076,661105.2059057385,499308.4976812341,102031482.40216613,592758.48923929,2024.1654150303495,NA,3492.968549828717,0.6644932837917017,201187320.80562562,-371352537.03490025,31022104.576350987,31022104.576350987,Sellers
IND,Andaman,436371.5463635388,17746638.75,545300.8082717047,383646.098447147,6561465.439936588,476841.7532839505,66.83612997496184,NA,696.5194777289341,0.5278684866613423,36724301.44574931,-47909474.75581273,25539128.1356859,25539128.1356859,Sellers
CMR,Gulf of Guinea,2551.3007265955102,21931.537109375,3073.748640436933,8041.43574202801,24467229.796027564,10992.69023744882,5647.88592428949,NA,119.15237719659616,0.8452606860282503,654162.6382190535,23791135.620699134,25099460.897137243,23791135.620699134,Buyers
ITA,Mediterranean Sea,256018.51662272503,35180460.025390625,327800.0692908472,323292.35336982197,113416623.77937005,405791.1982799668,1357.6232331534243,NA,901.8501845280258,0.3784784129858292,60670922.08427766,17565241.66970177,138907085.83825707,17565241.66970177,Buyers
THA,Andaman,51521.27942364266,7888541.74609375,70069.55651211024,62051.686908430514,23865311.863440607,83506.28695620404,2009.8065872002821,NA,696.5194777289341,0.5278684866613423,7334633.9215772925,8642136.195769563,23311404.03892415,8642136.195769563,Buyers
USA,Cold Temperate Northwest Pacific,10072.004574272652,1972494.6025390625,12101.198088638488,7352.563339219036,158754.88099671257,8816.5870152618,77.71317481641957,NA,3492.968549828717,0.6644932837917017,9498922.707149647,-11312662.428691998,7685182.985607297,7685182.985607297,Sellers
FRO,Northern European Seas,171578.79750108914,63696976.34765625,206152.95041154695,126917.51341458184,15169140.149606893,152874.92149893637,482.2469323149374,NA,2584.2477914195424,0.7660712687094678,115415824.76251723,-163943660.96056658,66887988.56446787,66887988.56446787,Sellers
ERI,Red Sea and Gulf of Aden,39268.02613828244,3592629.111328125,56210.26289666492,40751.11285023604,5163690.812156997,58283.09110947765,1059.3188437103538,NA,1037.7780648937924,0.3192758833388174,1539114.858000902,31946.842827969696,3110176.5588297737,31946.842827969696,Buyers
TTO,North Brazil Shelf,10011.517151511358,1714324.275390625,12113.91370927891,10824.420790464212,2206342.877029326,13120.792211961289,605.2606705912851,NA,538.7897761471561,0.47765698644958055,437984.16966061667,54034.43197808415,930002.7712993175,54034.43197808415,Buyers
RUS,Cold Temperate Northeast Pacific,17025.524947792783,234509.5732421875,21006.597298370696,12428.633211888731,162577.9442365897,15344.613816927575,15.172979860775222,NA,759.4118166124073,0.7132239091172075,3490933.903933458,-3562865.532939056,3419002.27492786,3419002.27492786,Sellers
GRC,Mediterranean Sea,335973.56968795275,83179135.9921875,423904.9989219712,275320.3049761619,46270650.6106817,349966.502981968,563.258379955353,NA,901.8501845280258,0.3784784129858292,54700157.97255576,-91608643.35406156,17791672.591049954,17791672.591049954,Sellers
CYP,Mediterranean Sea,69444.39134745828,6783963.2109375,91525.52510811074,52008.41925861347,1230710.7083110097,67599.06800504815,79.269464873590735,NA,901.8501845280258,0.3784784129858292,15724634.645750202,-21277887.148376692,10171382.143123712,10171382.143123712,Sellers
MLT,Mediterranean Sea,40348.15413740097,9705277.83203125,50345.371784405266,34221.54116573782,4816129.831070673,43073.63711380063,765.6971667664044,NA,901.8501845280258,0.3784784129858292,5525287.039026206,-10414435.039986784,636139.0380656291,636139.0380656291,Sellers
MRT,Lusitanian,2443.7425634548217,31406.2890625,2897.358146663273,1783.9320713220197,22926.591015625,2115.071447064189,12.8517174976482,NA,71.11308976023128,0.5979940856663997,46921.16275178232,-55400.86079865732,38441.464704907325,38441.464704907325,Sellers
ESP,Mediterranean Sea,161304.09493052796,32471207.337890625,188787.5985691922,161190.1060120774,32369811.66693426,188663.7154392173,889.5221775468473,NA,901.8501845280258,0.3784784129858292,102800.92713879998,-204196.59809516574,1405.2561824359,1405.2561824359,Sellers
AUS,Western Coral Triangle,7861.378974901252,1731447.078125,8975.166967741061,5738.806651677914,380341.14781542553,6523.04676492854,636.5417637490839,NA,2239.881444747154,0.5386888092669133,4754310.361921815,-6105416.29223139,3403204.4316122406,3403204.4316122406,Sellers
MDV,West and South Indian Shelf,7862.308199107707,142710.203125,9185.433401524451,5739.484985348626,99532.17024868655,6695.624988353435,20.339909888140934,NA,1182.4132906633777,0.00928425958353507,2510054.381677482,-2553232.4145537955,2466876.348801168,2466876.348801168,Sellers
FRA,Mediterranean Sea,46467.626533620125,5821292.0634137215,60041.941545164605,52413.4074538266,12021597.228075655,67412.40245519941,1091.1450110093517,NA,901.8501845280258,0.3784784129858292,5362203.620051424,838101.5446105096,11562508.784713358,838101.5446105096,Buyers
CRI,Galapagos,2697.256053248137,43507.92578125,3072.3525637481393,1968.99691887114,31760.7858203125,2242.8173715361418,16.130439573527372,NA,34.43008624402079,0.04565821036423201,25074.024804595934,-36821.16476553344,13326.884843658434,13326.884843658434,Sellers
VNM,Sunda Shelf,270197.21180903865,203277714.1875,318771.0974423867,237254.13867413645,127247605.95268922,279012.95526338095,1847.2660135744227,NA,3213.755545716849,0.14639911096410918,105870983.98024768,-181901092.21505845,29840875.745436892,29840875.745436892,Sellers
ISR,Mediterranean Sea,13931.846681285955,495737.8125,18134.08262100384,14619.089565257296,1473230.2001961726,19028.30779956352,1422.3390456188893,NA,901.8501845280258,0.3784784129858292,619790.1217251266,357702.26597104594,1597282.5094212992,357702.26597104594,Buyers
LBN,Mediterranean Sea,12107.39659015496,1513262.703125,15322.524218514429,10318.901112700947,378037.00502453424,13012.659268648986,634.7378075098629,NA,901.8501845280258,0.3784784129858292,1612954.976369441,-2748180.674469907,477729.27826897526,477729.27826897526,Sellers
VNM,South China Sea,251684.17161946787,93878304.08987409,295534.9098751355,233020.388760303,53048329.21599769,275053.2050339684,1639.440483985903,NA,2572.3216126893303,0.6480458940603356,48009252.023170464,-88839226.89704686,7179277.149294063,7179277.149294063,Sellers
MYS,South China Sea,62289.56862503623,57866362.796875,76303.10252010143,45471.38509627645,25318850.032034837,56893.51083764818,1573.807373533405,NA,2572.3216126893303,0.6480458940603356,43261776.97720449,-75809289.74204466,10714264.212364323,10714264.212364323,Sellers
KHM,Sunda Shelf,28262.086308294645,25819877.6796875,39392.239426339904,22323.451353438468,11290005.902737109,31364.988547696714,1087.816383454084,NA,3213.755545716849,0.14639911096410918,19085321.020156972,-33615192.79710736,4555449.243206581,4555449.243206581,Sellers
AUS,Sahul Shelf,755635.9352410014,77480377.375,824738.2462700364,569711.9338133145,44698383.55965747,624002.8773624784,128.73111927880916,NA,551.538101390646,0.1314941304048488,102544170.75037819,-135326164.56572074,69762176.93503566,69762176.93503566,Sellers
DZA,Mediterranean Sea,76730.09216346567,5715598.984375,88090.590238386,79426.59814280507,8644280.48941006,91002.07421686454,1195.228271960376,NA,901.8501845280258,0.3784784129858292,2431844.4150481657,496837.0899868938,5360525.920083225,496837.0899868938,Buyers
GHA,Gulf of Guinea,152888.20279961356,6284440.83984375,168984.06121391465,148115.955437389,5912103.376826348,163854.59076987358,68.64179835760379,NA,119.15237719659616,0.8452606860282503,568624.6177792419,-940962.0807966441,196287.15476183966,196287.15476183966,Sellers
IDN,Sunda Shelf,654742.6602052487,1102925327.8133528,783098.5765762283,617975.446436547,988132839.558592,739674.6581016189,2967.0217123145817,NA,3213.755545716849,0.14639911096410918,118160837.1497222,-232953325.40448308,3368348.894961357,3368348.894961357,Sellers
ECU,Tropical East Pacific,0,0,0,149784.81166922298,5249247.343054306,168457.63420388853,120.53159657504457,NA,5.519350855037291,0.5931738412368439,826714.9283581255,4422532.41469618,6075962.271412431,4422532.41469618,Buyers
TWN,Warm Temperate Northwest Pacific,38003.10695790596,47043320.515625,41894.17847579579,36196.43279867509,41109076.93462445,39957.25805264197,3284.6230465414073,NA,3886.6696256372406,0.35447610089588555,7021945.578106343,-12956189.159106895,1087701.9971057922,1087701.9971057922,Sellers
CHN,South China Sea,115280.12086435957,76688186.2890625,131373.90957962463,280578.73620163853,1421840336.8581226,316883.0830945806,17457.381066443875,NA,2572.3216126893303,0.6480458940603356,425201200.77970266,919950949.7893574,1770353351.3487628,919950949.7893574,Buyers
TLS,Sahul Shelf,21783.86662382493,1284238.609375,24207.918517720624,21938.450928622464,1374777.6882214283,24373.75056205399,585.69386436102,NA,551.538101390646,0.1314941304048488,85259.13397282387,5279.944873604443,175798.21281925216,5279.944873604443,Buyers
AUS,Eastern Coral Triangle,27925.82225859968,999326.6015625,29858.042211229666,20385.850248777766,708002.6271260595,21706.928819616936,36.39925983741972,NA,65.08545559407982,0.1833903346166187,490742.513425869,-782066.4878623094,199418.5389894285,199418.5389894285,Sellers
PNG,Eastern Coral Triangle,1288203.9825444457,56124403.60320857,1575764.9798991778,1359220.5989328802,62568975.920120485,1665547.6748217053,129.60393997699833,NA,65.08545559407982,0.1833903346166187,4622148.832391257,1822423.484520656,11066721.149303168,1822423.484520656,Buyers
PHL,South Kuroshio,104970.92990193593,4762386.898447936,114083.97266891591,141885.07490447172,6860120.165083214,154727.3442264586,61.93278293202983,NA,52.265896420923596,0.45628194904820873,1929350.8791694902,168382.38746578712,4027084.1458047675,168382.38746578712,Buyers
PHL,Western Coral Triangle,755285.4670151835,202790386.859375,920157.7198250331,840688.7197932878,456838756.5853905,1015010.2800725186,3231.5193519152217,NA,2239.881444747154,0.5386888092669133,191293161.2187266,62755208.5072889,445341530.9447421,62755208.5072889,Buyers
PNG,Sahul Shelf,79351.1225205542,19982768.203125,88113.75453382402,61862.505801564774,13807350.321227757,68171.37633589451,312.815238919975,NA,551.538101390646,0.1314941304048488,9645638.461140137,-15821056.34303738,3470220.5792428944,3470220.5792428944,Sellers
PHL,South China Sea,302435.70379171666,143727736.9375,364642.4870975419,224624.91449427864,19211407.70754996,272050.26189857617,519.6221790722506,NA,2572.3216126893303,0.6480458940603356,200154375.01021546,-324670704.2401655,75638045.78026542,75638045.78026542,Sellers
OMN,Somali/Arabian,353481.7694015922,27355378.216571696,412435.3517248704,317311.990956573,22333799.490703277,368538.9807395556,105.53343476721486,NA,255.00721394961434,0.5138426260169948,9223554.430439163,-14245133.156307582,4201975.704570744,4201975.704570744,Sellers
PNG,Western Coral Triangle,14119.876718840753,1229723.96875,18452.49898852449,10307.510004753749,516343.3032578735,13462.152485410286,95.25720865014885,NA,2239.881444747154,0.5386888092669133,8539249.46345516,-9252630.128947286,7825868.7979630325,7825868.7979630325,Sellers
NOR,Northern European Seas,326671.76481275685,350058717.5804458,391873.24168796936,368890.1179396067,468479460.46616006,441393.5494158261,3016.000346919904,NA,2584.2477914195424,0.7660712687094678,109102685.82543209,9318057.060282141,227523428.71114632,9318057.060282141,Buyers
MYS,Sunda Shelf,117873.07918339291,258587543.328125,144020.38473360665,189597.09142356765,598322957.2740878,236469.40230502878,6133.166223312721,NA,3213.755545716849,0.14639911096410918,230503442.09792474,109231971.84803805,570238856.0438875,109231971.84803805,Buyers
DEU,Northern European Seas,17456.13868910888,19843900.6796875,19645.229497576922,27716.955220018663,50928749.25532821,32261.014767193756,3611.190123503667,NA,2584.2477914195424,0.7660712687094678,26516492.458164737,4568356.117475972,57601341.033805445,4568356.117475972,Buyers
THA,Sunda Shelf,94120.09634370467,161354346.25,130334.6781509696,96347.37386095732,168541834.32549053,133204.62908812743,3227.028522407182,NA,3213.755545716849,0.14639911096410918,7157925.472921144,29562.60256939009,14345413.548411667,29562.60256939009,Buyers
SYR,Mediterranean Sea,5800.266652981343,1261688.828125,7531.945910178936,7104.333617551299,3946272.291620809,9208.968012558618,2058.6239329980335,NA,901.8501845280258,0.3784784129858292,1176073.0326343167,1508510.4308614924,3860656.4961301256,1508510.4308614924,Buyers
MAR,Lusitanian,14370.114818974833,947827.5914044532,17015.743876704666,159844.76849725147,112902096.16046274,185446.15221425355,4987.848902457123,NA,71.11308976023128,0.5979940856663997,10345152.104861844,101609116.46419644,122299420.67392012,101609116.46419644,Buyers
BRN,South China Sea,16701.00704683222,3822605.71875,21392.09586910792,12191.73514418752,1443394.8614224328,15589.321761829868,408.87132819090476,NA,2572.3216126893303,0.6480458940603356,11599297.572665699,-13978508.429993266,9220086.715338131,9220086.715338131,Sellers
TUR,Mediterranean Sea,24532.19792321444,3267896.421875,32518.508180535464,52818.41099167671,58890072.40673615,69485.60828332182,2342.3770731792292,NA,901.8501845280258,0.3784784129858292,25509926.475391753,30112249.509469397,81132102.46025291,30112249.509469397,Buyers
SAU,Red Sea and Gulf of Aden,43401.104977381125,11852949.765625,62457.30375618444,97538.34796137265,334524564.02665854,136641.0864906752,9020.078486368775,NA,1037.7780648937924,0.3192758833388174,56182443.26261176,266489170.9984218,378854057.5236453,266489170.9984218,Buyers
TUR,Black Sea,56221.67340109367,24352455.612847608,96718.0879893186,81702.00163260453,80192833.37063852,134502.50848901103,3155.66970918526,NA,1219.924800506409,0.5763937645274678,31084084.334663704,24756293.423127204,86924462.09245461,24756293.423127204,Buyers
NOR,Arctic,29998.40205545173,8206719.11328125,35670.7258690983,79416.53040749596,38249232.190014504,94788.33411155501,853.7351438219952,NA,415.66466924114184,0.7290323320496306,20541369.975968756,9501143.100764498,50583883.05270201,9501143.100764498,Buyers
VEN,North Brazil Shelf,5117.846663830147,1124444.265625,6066.223633269464,19670.28190852642,25881357.669616327,24331.277414088367,2437.808516731359,NA,538.7897761471561,0.47765698644958055,7840703.327885889,16916210.07610544,32597616.731877215,16916210.07610544,Buyers
FIN,Northern European Seas,59860.00185878642,17378916.078125,75154.85334194187,43352.083168645884,10608089.231402421,53773.463217024146,342.4890649563601,NA,2584.2477914195424,0.7660712687094678,42660552.41592906,-49431379.26265164,35889725.569206476,35889725.569206476,Sellers
SWE,Northern European Seas,115748.47467763968,65502026.15625,143441.6244631298,87874.88044168203,29769778.915398456,108985.92554773547,768.8601428256096,NA,2584.2477914195424,0.7660712687094678,72032274.34319803,-107764521.58404958,36300027.10234649,36300027.10234649,Sellers
MNE,Mediterranean Sea,3776.0757773260257,994159.5625,4598.461539195026,5599.854561830061,2858300.158004676,6781.791968633908,1022.1308698969306,NA,901.8501845280258,0.3784784129858292,1644775.2333432632,219365.36216141284,3508915.828847939,219365.36216141284,Buyers
SDN,Red Sea and Gulf of Aden,9553.822343663782,3402172.25,14466.330470746241,35617.38855768774,166249178.37900957,49119.61387343124,8822.098108650423,NA,1037.7780648937924,0.3192758833388174,27048197.309821006,135798808.81918857,189895203.43883058,135798808.81918857,Buyers
DNK,Northern European Seas,39492.194002870936,63210187.0625,48353.915606291295,54803.84393288561,107279805.1883209,66127.1909904657,3370.041201565801,NA,2584.2477914195424,0.7660712687094678,39569097.51462962,4500520.611191288,83638715.64045052,4500520.611191288,Buyers
RUS,Northern European Seas,35014.90187878208,39765718.6875,43378.355558048526,29177.73581862515,26222519.448989984,36267.12651775217,2008.9626340595325,NA,2584.2477914195424,0.7660712687094678,15084683.499109661,-28627882.737619676,1541484.2605996467,1541484.2605996467,Sellers
EST,Northern European Seas,29707.069339647347,12184012.53125,35136.23332917706,21686.16061794256,7758781.002948917,25116.116529434956,465.7657596125283,NA,2584.2477914195424,0.7660712687094678,20728015.649243336,-25153247.17754442,16302784.120942254,16302784.120942254,Sellers
TUN,Mediterranean Sea,24409.541560375532,15145738.6875,29788.09995565777,56710.255014292365,64455957.14645765,67726.16688156957,2113.2415020483772,NA,901.8501845280258,0.3784784129858292,29130404.388801783,20179814.070155866,78440622.84775943,20179814.070155866,Buyers
ALB,Mediterranean Sea,5841.129862216003,2830219,6968.527925447628,7110.205706117669,3980446.763250416,8509.78283153247,906.3506872167219,NA,901.8501845280258,0.3784784129858292,1144516.284002778,5711.479247638257,2294744.0472531943,5711.479247638257,Buyers
DJI,Red Sea and Gulf of Aden,2243.260082595031,710297.8125,3013.203979319116,3339.609719828488,2248597.2024341803,4427.475741861095,1403.1102284267135,NA,1037.7780648937924,0.3192758833388174,1137767.6049751483,400531.78495903197,2676066.9949093284,400531.78495903197,Buyers
LVA,Northern European Seas,28042.28657906619,16626971.8125,33462.21021784071,20470.869202718317,9178783.3539902,24230.44922106285,577.1472752039016,NA,2584.2477914195424,0.7660712687094678,19566418.632742535,-27014607.091252334,12118230.174232736,12118230.174232736,Sellers
QAT,Somali/Arabian,0,0,0,22568.054888131683,22458719.418353483,26221.273316761148,3173.76772598605,NA,255.00721394961434,0.5138426260169948,5755016.801284436,16703702.617069047,28213736.21963792,16703702.617069047,Buyers
BLM,Tropical Northwestern Atlantic,0,0,0,3980.3652877968625,1868873.6865877782,4296.239766916227,603.1078686449636,NA,57.342775792892354,0.026889303363170636,228245.19427194694,1640628.4923158311,2097118.8808597252,1640628.4923158311,Buyers
HRV,Mediterranean Sea,3592.742453667229,1659883.75,4562.6030767973425,38183.49276006628,55745379.59545885,44112.6351310621,1985.9617003401927,NA,901.8501845280258,0.3784784129858292,31195674.54678885,22889821.29867,85281170.3922477,22889821.29867,Buyers
MAR,Mediterranean Sea,2266.3315316110206,1114108.5,2500.286942433942,16912.12294340362,59555479.07931198,18392.45794609772,7026.02304132063,NA,901.8501845280258,0.3784784129858292,13208309.687284132,45233060.89202785,71649680.26659611,45233060.89202785,Buyers
IDN,Northwest Australian Shelf,0,0,0,13822.460222467002,8536183.207467835,15292.813799262065,893.4737410912779,NA,81.24808971461461,0.5644570477781589,1123048.4882316908,7413134.719236145,9659231.695699526,7413134.719236145,Buyers
LTU,Northern European Seas,6025.318503497053,5789562.6875,6965.6247556519365,4398.482507552849,3682202.5378634455,4941.525840494289,950.4925619695643,NA,2584.2477914195424,0.7660712687094678,4204147.329520621,-6311507.479157176,2096787.1798840668,2096787.1798840668,Sellers
POL,Northern European Seas,21044.656536894592,22396712.8125,24787.397342423577,14917.562423342406,13674090.350525675,17547.579346883864,1103.703003205424,NA,2584.2477914195424,0.7660712687094678,15833929.430766916,-24556551.89274124,7111306.968792591,7111306.968792591,Sellers
KOR,Warm Temperate Northwest Pacific,65838.66415918012,108068374.375,79936.50798376655,50063.923070108045,64040844.82137076,60390.4611175434,2268.654298008084,NA,3886.6696256372406,0.35447610089588555,61311207.04318815,-105338736.59681739,17283677.489558905,17283677.489558905,Sellers
CHN,Cold Temperate Northwest Pacific,5287.040892673147,9723546.625,7350.575912607368,154265.12484294781,1726273873.730754,202786.81611836047,19885.58810749523,NA,3492.968549828717,0.6644932837917017,520375761.85205185,1196174565.2537022,2236926088.9578056,1196174565.2537022,Buyers
FRA,Northern European Seas,42829.48826222219,85303923.625,50412.1133442093,45141.09049701618,91319784.00361727,53171.65286671369,2638.23899267225,NA,2584.2477914195424,0.7660712687094678,5973752.96990684,42107.40871043224,11989613.348524109,42107.40871043224,Buyers
ARE,Somali/Arabian,0,0,0,29447.35995083999,49862283.89180461,34582.33905069685,2403.9482657802523,NA,255.00721394961434,0.5138426260169948,7509289.219235158,42352994.672569454,57371573.11103977,42352994.672569454,Buyers
CHN,Warm Temperate Northwest Pacific,33416.496413175846,100460182.25,40181.75897663727,145840.86801833077,1143562038.4485636,179180.769770375,20209.58195591316,NA,3886.6696256372406,0.35447610089588555,436956390.2991095,606145465.8994541,1480058246.497673,606145465.8994541,Buyers
NLD,Northern European Seas,1420.0845348431233,3245264.25,1909.059693855978,37292.42936095286,121350185.04991272,46178.69842715602,4246.2202211635,NA,2584.2477914195424,0.7660712687094678,92703027.88991433,25401892.909998387,210807948.68982705,25401892.909998387,Buyers
GTM,Tropical Northwestern Atlantic,0,0,0,1700.7792626925989,4003473.3,2162.598338236862,2353.9052878983703,NA,57.342775792892354,0.026889303363170636,97527.40393378247,3905945.896066217,4101000.7039337824,3905945.896066217,Buyers
GGY,Northern European Seas,3330.4509911815258,8112313.75,3984.3633534741653,2431.2292235625137,5882927.120333305,2905.5600976190085,2479.240060624573,NA,2584.2477914195424,0.7660712687094678,2323811.866965809,-4553198.496632504,94425.23729911353,94425.23729911353,Sellers
BEL,Northern European Seas,0,0,0,2518.320383409697,7311331.352123007,2814.4702884646827,3157.54526544911,NA,2584.2477914195424,0.7660712687094678,6507963.888913325,803367.4632096821,13819295.241036333,803367.4632096821,Buyers
MYS,Andaman,0,0,0,4994.780671751279,22445019.372884024,6762.491885097223,11280.411651122517,NA,696.5194777289341,0.5278684866613423,3478962.024858776,18966057.348025247,25923981.3977428,18966057.348025247,Buyers
SAU,Somali/Arabian,0,0,0,21245.099954378504,180466840.47606355,25521.1349500422,12344.627801667677,NA,255.00721394961434,0.5138426260169948,5417653.749447141,175049186.7266164,185884494.2255107,175049186.7266164,Buyers
KWT,Somali/Arabian,0,0,0,6606.334902726672,45568990.37345083,7893.623208216575,9778.126721658242,NA,255.00721394961434,0.5138426260169948,1684663.057962425,43884327.315488406,47253653.431413256,43884327.315488406,Buyers
BHR,Somali/Arabian,0,0,0,4968.417414187436,47232644.966555566,5819.336943658623,18011.417915133567,NA,255.00721394961434,0.5138426260169948,1266982.2825306852,45965662.68402488,48499627.24908625,45965662.68402488,Buyers
IRQ,Somali/Arabian,0,0,0,1395.304880504481,16742404,1951.9351113608589,11999.100866003337,NA,255.00721394961434,0.5138426260169948,355812.81018774724,16386591.189812252,17098216.810187746,16386591.189812252,Buyers
SGP,Sunda Shelf,0,0,0,1697.6321010326903,29038512.32,2245.875217276223,17105.3035002905,NA,3213.755545716849,0.14639911096410918,5455774.579280755,23582737.740719244,34494286.89928076,23582737.740719244,Buyers
